"Video asset ID","Universal video ID","Page ID","Page name",Title,"Duration (sec)","Publish time","Custom labels","Data comment",Date,Impressions,Reach,"3-second video views","1-minute video views","Seconds viewed","Average Seconds viewed","3-Second viewers","1-minute viewers","3-second video views from Boosted posts","3-second video views from Organic posts","Reactions, Comments and Shares",Reactions,Comments,Shares,"Seconds viewed from Recommendations","Seconds viewed from Followers","Seconds viewed from Shares","Average Seconds viewed from Recommendations","Average Seconds viewed from Shares","Average Seconds viewed from Followers","Average Seconds viewed from Boosted posts","1-minute video views from Recommendations","1-minute video views from Followers","1-minute video views from Shares"
946923056773762,,423008958154572,"Bidhaan Health & Beauty",,62,"03/16/2024 09:00",,,01/01/2024,0,0,0,0,0,0,0,0,0,0,0,0,0,0,,,,0,0,0,0,,,
946923056773762,,423008958154572,"Bidhaan Health & Beauty",,62,"03/16/2024 09:00",,,01/02/2024,0,0,0,0,0,0,0,0,0,0,0,0,0,0,,,,0,0,0,0,,,
946923056773762,,423008958154572,"Bidhaan Health & Beauty",,62,"03/16/2024 09:00",,,01/03/2024,0,0,0,0,0,0,0,0,0,0,0,0,0,0,,,,0,0,0,0,,,
946923056773762,,423008958154572,"Bidhaan Health & Beauty",,62,"03/16/2024 09:00",,,01/04/2024,0,0,0,0,0,0,0,0,0,0,0,0,0,0,,,,0,0,0,0,,,
946923056773762,,423008958154572,"Bidhaan Health & Beauty",,62,"03/16/2024 09:00",,,01/05/2024,0,0,0,0,0,0,0,0,0,0,0,0,0,0,,,,0,0,0,0,,,
946923056773762,,423008958154572,"Bidhaan Health & Beauty",,62,"03/16/2024 09:00",,,01/06/2024,0,0,0,0,0,0,0,0,0,0,0,0,0,0,,,,0,0,0,0,,,
946923056773762,,423008958154572,"Bidhaan Health & Beauty",,62,"03/16/2024 09:00",,,01/07/2024,0,0,0,0,0,0,0,0,0,0,0,0,0,0,,,,0,0,0,0,,,
946923056773762,,423008958154572,"Bidhaan Health & Beauty",,62,"03/16/2024 09:00",,,01/08/2024,0,0,0,0,0,0,0,0,0,0,0,0,0,0,,,,0,0,0,0,,,
946923056773762,,423008958154572,"Bidhaan Health & Beauty",,62,"03/16/2024 09:00",,,01/09/2024,0,0,0,0,0,0,0,0,0,0,0,0,0,0,,,,0,0,0,0,,,
946923056773762,,423008958154572,"Bidhaan Health & Beauty",,62,"03/16/2024 09:00",,,01/10/2024,0,0,0,0,0,0,0,0,0,0,0,0,0,0,,,,0,0,0,0,,,
946923056773762,,423008958154572,"Bidhaan Health & Beauty",,62,"03/16/2024 09:00",,,01/11/2024,0,0,0,0,0,0,0,0,0,0,0,0,0,0,,,,0,0,0,0,,,
946923056773762,,423008958154572,"Bidhaan Health & Beauty",,62,"03/16/2024 09:00",,,01/12/2024,0,0,0,0,0,0,0,0,0,0,0,0,0,0,,,,0,0,0,0,,,
946923056773762,,423008958154572,"Bidhaan Health & Beauty",,62,"03/16/2024 09:00",,,01/13/2024,0,0,0,0,0,0,0,0,0,0,0,0,0,0,,,,0,0,0,0,,,
946923056773762,,423008958154572,"Bidhaan Health & Beauty",,62,"03/16/2024 09:00",,,01/14/2024,0,0,0,0,0,0,0,0,0,0,0,0,0,0,,,,0,0,0,0,,,
946923056773762,,423008958154572,"Bidhaan Health & Beauty",,62,"03/16/2024 09:00",,,01/15/2024,0,0,0,0,0,0,0,0,0,0,0,0,0,0,,,,0,0,0,0,,,
946923056773762,,423008958154572,"Bidhaan Health & Beauty",,62,"03/16/2024 09:00",,,01/16/2024,0,0,0,0,0,0,0,0,0,0,0,0,0,0,,,,0,0,0,0,,,
946923056773762,,423008958154572,"Bidhaan Health & Beauty",,62,"03/16/2024 09:00",,,01/17/2024,0,0,0,0,0,0,0,0,0,0,0,0,0,0,,,,0,0,0,0,,,
946923056773762,,423008958154572,"Bidhaan Health & Beauty",,62,"03/16/2024 09:00",,,01/18/2024,0,0,0,0,0,0,0,0,0,0,0,0,0,0,,,,0,0,0,0,,,
946923056773762,,423008958154572,"Bidhaan Health & Beauty",,62,"03/16/2024 09:00",,,01/19/2024,0,0,0,0,0,0,0,0,0,0,0,0,0,0,,,,0,0,0,0,,,
946923056773762,,423008958154572,"Bidhaan Health & Beauty",,62,"03/16/2024 09:00",,,01/20/2024,0,0,0,0,0,0,0,0,0,0,0,0,0,0,,,,0,0,0,0,,,
946923056773762,,423008958154572,"Bidhaan Health & Beauty",,62,"03/16/2024 09:00",,,01/21/2024,0,0,0,0,0,0,0,0,0,0,0,0,0,0,,,,0,0,0,0,,,
946923056773762,,423008958154572,"Bidhaan Health & Beauty",,62,"03/16/2024 09:00",,,01/22/2024,0,0,0,0,0,0,0,0,0,0,0,0,0,0,,,,0,0,0,0,,,
946923056773762,,423008958154572,"Bidhaan Health & Beauty",,62,"03/16/2024 09:00",,,01/23/2024,0,0,0,0,0,0,0,0,0,0,0,0,0,0,,,,0,0,0,0,,,
946923056773762,,423008958154572,"Bidhaan Health & Beauty",,62,"03/16/2024 09:00",,,01/24/2024,0,0,0,0,0,0,0,0,0,0,0,0,0,0,,,,0,0,0,0,,,
946923056773762,,423008958154572,"Bidhaan Health & Beauty",,62,"03/16/2024 09:00",,,01/25/2024,0,0,0,0,0,0,0,0,0,0,0,0,0,0,,,,0,0,0,0,,,
946923056773762,,423008958154572,"Bidhaan Health & Beauty",,62,"03/16/2024 09:00",,,01/26/2024,0,0,0,0,0,0,0,0,0,0,0,0,0,0,,,,0,0,0,0,,,
946923056773762,,423008958154572,"Bidhaan Health & Beauty",,62,"03/16/2024 09:00",,,01/27/2024,0,0,0,0,0,0,0,0,0,0,0,0,0,0,,,,0,0,0,0,,,
946923056773762,,423008958154572,"Bidhaan Health & Beauty",,62,"03/16/2024 09:00",,,01/28/2024,0,0,0,0,0,0,0,0,0,0,0,0,0,0,,,,0,0,0,0,,,
946923056773762,,423008958154572,"Bidhaan Health & Beauty",,62,"03/16/2024 09:00",,,01/29/2024,0,0,0,0,0,0,0,0,0,0,0,0,0,0,,,,0,0,0,0,,,
946923056773762,,423008958154572,"Bidhaan Health & Beauty",,62,"03/16/2024 09:00",,,01/30/2024,0,0,0,0,0,0,0,0,0,0,0,0,0,0,,,,0,0,0,0,,,
946923056773762,,423008958154572,"Bidhaan Health & Beauty",,62,"03/16/2024 09:00",,,01/31/2024,0,0,0,0,0,0,0,0,0,0,0,0,0,0,,,,0,0,0,0,,,
946923056773762,,423008958154572,"Bidhaan Health & Beauty",,62,"03/16/2024 09:00",,,02/01/2024,0,0,0,0,0,0,0,0,0,0,0,0,0,0,,,,0,0,0,0,,,
946923056773762,,423008958154572,"Bidhaan Health & Beauty",,62,"03/16/2024 09:00",,,02/02/2024,0,0,0,0,0,0,0,0,0,0,0,0,0,0,,,,0,0,0,0,,,
946923056773762,,423008958154572,"Bidhaan Health & Beauty",,62,"03/16/2024 09:00",,,02/03/2024,0,0,0,0,0,0,0,0,0,0,0,0,0,0,,,,0,0,0,0,,,
946923056773762,,423008958154572,"Bidhaan Health & Beauty",,62,"03/16/2024 09:00",,,02/04/2024,0,0,0,0,0,0,0,0,0,0,0,0,0,0,,,,0,0,0,0,,,
946923056773762,,423008958154572,"Bidhaan Health & Beauty",,62,"03/16/2024 09:00",,,02/05/2024,0,0,0,0,0,0,0,0,0,0,0,0,0,0,,,,0,0,0,0,,,
946923056773762,,423008958154572,"Bidhaan Health & Beauty",,62,"03/16/2024 09:00",,,02/06/2024,0,0,0,0,0,0,0,0,0,0,0,0,0,0,,,,0,0,0,0,,,
946923056773762,,423008958154572,"Bidhaan Health & Beauty",,62,"03/16/2024 09:00",,,02/07/2024,0,0,0,0,0,0,0,0,0,0,0,0,0,0,,,,0,0,0,0,,,
946923056773762,,423008958154572,"Bidhaan Health & Beauty",,62,"03/16/2024 09:00",,,02/08/2024,0,0,0,0,0,0,0,0,0,0,0,0,0,0,,,,0,0,0,0,,,
946923056773762,,423008958154572,"Bidhaan Health & Beauty",,62,"03/16/2024 09:00",,,02/09/2024,0,0,0,0,0,0,0,0,0,0,0,0,0,0,,,,0,0,0,0,,,
946923056773762,,423008958154572,"Bidhaan Health & Beauty",,62,"03/16/2024 09:00",,,02/10/2024,0,0,0,0,0,0,0,0,0,0,0,0,0,0,,,,0,0,0,0,,,
946923056773762,,423008958154572,"Bidhaan Health & Beauty",,62,"03/16/2024 09:00",,,02/11/2024,0,0,0,0,0,0,0,0,0,0,0,0,0,0,,,,0,0,0,0,,,
946923056773762,,423008958154572,"Bidhaan Health & Beauty",,62,"03/16/2024 09:00",,,02/12/2024,0,0,0,0,0,0,0,0,0,0,0,0,0,0,,,,0,0,0,0,,,
946923056773762,,423008958154572,"Bidhaan Health & Beauty",,62,"03/16/2024 09:00",,,02/13/2024,0,0,0,0,0,0,0,0,0,0,0,0,0,0,,,,0,0,0,0,,,
946923056773762,,423008958154572,"Bidhaan Health & Beauty",,62,"03/16/2024 09:00",,,02/14/2024,0,0,0,0,0,0,0,0,0,0,0,0,0,0,,,,0,0,0,0,,,
946923056773762,,423008958154572,"Bidhaan Health & Beauty",,62,"03/16/2024 09:00",,,02/15/2024,0,0,0,0,0,0,0,0,0,0,0,0,0,0,,,,0,0,0,0,,,
946923056773762,,423008958154572,"Bidhaan Health & Beauty",,62,"03/16/2024 09:00",,,02/16/2024,0,0,0,0,0,0,0,0,0,0,0,0,0,0,,,,0,0,0,0,,,
946923056773762,,423008958154572,"Bidhaan Health & Beauty",,62,"03/16/2024 09:00",,,02/17/2024,0,0,0,0,0,0,0,0,0,0,0,0,0,0,,,,0,0,0,0,,,
946923056773762,,423008958154572,"Bidhaan Health & Beauty",,62,"03/16/2024 09:00",,,02/18/2024,0,0,0,0,0,0,0,0,0,0,0,0,0,0,,,,0,0,0,0,,,
946923056773762,,423008958154572,"Bidhaan Health & Beauty",,62,"03/16/2024 09:00",,,02/19/2024,0,0,0,0,0,0,0,0,0,0,0,0,0,0,,,,0,0,0,0,,,
946923056773762,,423008958154572,"Bidhaan Health & Beauty",,62,"03/16/2024 09:00",,,02/20/2024,0,0,0,0,0,0,0,0,0,0,0,0,0,0,,,,0,0,0,0,,,
946923056773762,,423008958154572,"Bidhaan Health & Beauty",,62,"03/16/2024 09:00",,,02/21/2024,0,0,0,0,0,0,0,0,0,0,0,0,0,0,,,,0,0,0,0,,,
946923056773762,,423008958154572,"Bidhaan Health & Beauty",,62,"03/16/2024 09:00",,,02/22/2024,0,0,0,0,0,0,0,0,0,0,0,0,0,0,,,,0,0,0,0,,,
946923056773762,,423008958154572,"Bidhaan Health & Beauty",,62,"03/16/2024 09:00",,,02/23/2024,0,0,0,0,0,0,0,0,0,0,0,0,0,0,,,,0,0,0,0,,,
946923056773762,,423008958154572,"Bidhaan Health & Beauty",,62,"03/16/2024 09:00",,,02/24/2024,0,0,0,0,0,0,0,0,0,0,0,0,0,0,,,,0,0,0,0,,,
946923056773762,,423008958154572,"Bidhaan Health & Beauty",,62,"03/16/2024 09:00",,,02/25/2024,0,0,0,0,0,0,0,0,0,0,0,0,0,0,,,,0,0,0,0,,,
946923056773762,,423008958154572,"Bidhaan Health & Beauty",,62,"03/16/2024 09:00",,,02/26/2024,0,0,0,0,0,0,0,0,0,0,0,0,0,0,,,,0,0,0,0,,,
946923056773762,,423008958154572,"Bidhaan Health & Beauty",,62,"03/16/2024 09:00",,,02/27/2024,0,0,0,0,0,0,0,0,0,0,0,0,0,0,,,,0,0,0,0,,,
946923056773762,,423008958154572,"Bidhaan Health & Beauty",,62,"03/16/2024 09:00",,,02/28/2024,0,0,0,0,0,0,0,0,0,0,0,0,0,0,,,,0,0,0,0,,,
946923056773762,,423008958154572,"Bidhaan Health & Beauty",,62,"03/16/2024 09:00",,,02/29/2024,0,0,0,0,0,0,0,0,0,0,0,0,0,0,,,,0,0,0,0,,,
946923056773762,,423008958154572,"Bidhaan Health & Beauty",,62,"03/16/2024 09:00",,,03/01/2024,0,0,0,0,0,0,0,0,0,0,0,0,0,0,,,,0,0,0,0,,,
946923056773762,,423008958154572,"Bidhaan Health & Beauty",,62,"03/16/2024 09:00",,,03/02/2024,0,0,0,0,0,0,0,0,0,0,0,0,0,0,,,,0,0,0,0,,,
946923056773762,,423008958154572,"Bidhaan Health & Beauty",,62,"03/16/2024 09:00",,,03/03/2024,0,0,0,0,0,0,0,0,0,0,0,0,0,0,,,,0,0,0,0,,,
946923056773762,,423008958154572,"Bidhaan Health & Beauty",,62,"03/16/2024 09:00",,,03/04/2024,0,0,0,0,0,0,0,0,0,0,0,0,0,0,,,,0,0,0,0,,,
946923056773762,,423008958154572,"Bidhaan Health & Beauty",,62,"03/16/2024 09:00",,,03/05/2024,0,0,0,0,0,0,0,0,0,0,0,0,0,0,,,,0,0,0,0,,,
946923056773762,,423008958154572,"Bidhaan Health & Beauty",,62,"03/16/2024 09:00",,,03/06/2024,0,0,0,0,0,0,0,0,0,0,0,0,0,0,,,,0,0,0,0,,,
946923056773762,,423008958154572,"Bidhaan Health & Beauty",,62,"03/16/2024 09:00",,,03/07/2024,0,0,0,0,0,0,0,0,0,0,0,0,0,0,,,,0,0,0,0,,,
946923056773762,,423008958154572,"Bidhaan Health & Beauty",,62,"03/16/2024 09:00",,,03/08/2024,0,0,0,0,0,0,0,0,0,0,0,0,0,0,,,,0,0,0,0,,,
946923056773762,,423008958154572,"Bidhaan Health & Beauty",,62,"03/16/2024 09:00",,,03/09/2024,0,0,0,0,0,0,0,0,0,0,0,0,0,0,,,,0,0,0,0,,,
946923056773762,,423008958154572,"Bidhaan Health & Beauty",,62,"03/16/2024 09:00",,,03/10/2024,0,0,0,0,0,0,0,0,0,0,0,0,0,0,,,,0,0,0,0,,,
946923056773762,,423008958154572,"Bidhaan Health & Beauty",,62,"03/16/2024 09:00",,,03/11/2024,0,0,0,0,0,0,0,0,0,0,0,0,0,0,,,,0,0,0,0,,,
946923056773762,,423008958154572,"Bidhaan Health & Beauty",,62,"03/16/2024 09:00",,,03/12/2024,0,0,0,0,0,0,0,0,0,0,0,0,0,0,,,,0,0,0,0,,,
946923056773762,,423008958154572,"Bidhaan Health & Beauty",,62,"03/16/2024 09:00",,,03/13/2024,0,0,0,0,0,0,0,0,0,0,0,0,0,0,,,,0,0,0,0,,,
946923056773762,,423008958154572,"Bidhaan Health & Beauty",,62,"03/16/2024 09:00",,,03/14/2024,0,0,0,0,0,0,0,0,0,0,0,0,0,0,,,,0,0,0,0,,,
946923056773762,,423008958154572,"Bidhaan Health & Beauty",,62,"03/16/2024 09:00",,,03/15/2024,0,0,0,0,0,0,0,0,0,0,0,0,0,0,,,,0,0,0,0,,,
946923056773762,,423008958154572,"Bidhaan Health & Beauty",,62,"03/16/2024 09:00",,,03/16/2024,253,250,71,4,2107.521,10.33,66,4,0,71,14,14,0,0,113.146,1994.375,,6.6556470588235,0,10.665106951872,0,1,3,
946923056773762,,423008958154572,"Bidhaan Health & Beauty",,62,"03/16/2024 09:00",,,03/17/2024,126,125,41,3,923.632,8.713,39,3,0,41,2,2,0,0,195.053,728.579,,8.4805652173913,0,8.7780602409639,0,,3,
946923056773762,,423008958154572,"Bidhaan Health & Beauty",,62,"03/16/2024 09:00",,,03/18/2024,31,31,13,0,322.526,9.773,13,0,0,13,0,0,0,0,44.552,277.974,,6.3645714285714,0,10.691307692308,0,,,
946923056773762,,423008958154572,"Bidhaan Health & Beauty",,62,"03/16/2024 09:00",,,03/19/2024,50,49,20,2,477.53,9.745,19,2,0,20,3,2,0,1,109.598,336.049,31.883,13.69975,3.5425555555556,10.50153125,0,1,1,
946923056773762,,423008958154572,"Bidhaan Health & Beauty",,62,"03/16/2024 09:00",,,03/20/2024,50,50,12,0,275.951,7.665,11,0,0,12,1,0,0,1,63.415,179.298,33.238,15.85375,2.7698333333333,8.9649,0,,,
946923056773762,,423008958154572,"Bidhaan Health & Beauty",,62,"03/16/2024 09:00",,,03/21/2024,38,38,11,0,239.329,6.648,11,0,0,11,1,1,0,0,40.434,126.763,72.132,6.739,4.50825,9.0545,0,,,
946923056773762,,423008958154572,"Bidhaan Health & Beauty",,62,"03/16/2024 09:00",,,03/22/2024,36,35,12,1,319.104,10.293,11,1,0,12,0,0,0,0,108.887,200.172,10.045,7.2591333333333,3.3483333333333,15.397846153846,0,,1,
946923056773762,,423008958154572,"Bidhaan Health & Beauty",,62,"03/16/2024 09:00",,,03/23/2024,32,32,8,1,333.456,13.894,8,1,0,8,0,0,0,0,214.346,110.708,8.402,23.816222222222,1.4003333333333,12.300888888889,0,1,,
946923056773762,,423008958154572,"Bidhaan Health & Beauty",,62,"03/16/2024 09:00",,,03/24/2024,15,15,7,0,159.569,10.637,7,0,0,7,0,0,0,0,71.81,84.881,2.878,14.362,0.95933333333333,12.125857142857,0,,,
946923056773762,,423008958154572,"Bidhaan Health & Beauty",,62,"03/16/2024 09:00",,,03/25/2024,20,19,8,0,148.354,8.726,8,0,0,8,2,1,1,0,43.704,56.192,48.458,14.568,24.229,4.6826666666667,0,,,
946923056773762,,423008958154572,"Bidhaan Health & Beauty",,62,"03/16/2024 09:00",,,03/26/2024,13,13,2,0,61.377,7.672,2,0,0,2,0,0,0,0,12.386,48.991,,3.0965,0,12.24775,0,,,
946923056773762,,423008958154572,"Bidhaan Health & Beauty",,62,"03/16/2024 09:00",,,03/27/2024,14,13,5,1,168.305,15.3,5,1,0,5,0,0,0,0,38.379,129.926,,6.3965,0,25.9852,0,,1,
946923056773762,,423008958154572,"Bidhaan Health & Beauty",,62,"03/16/2024 09:00",,,03/28/2024,14,14,3,1,99.496,9.045,2,1,0,3,0,0,0,0,87.803,10.635,1.058,12.543285714286,0.529,5.3175,0,1,,
946923056773762,,423008958154572,"Bidhaan Health & Beauty",,62,"03/16/2024 09:00",,,03/30/2024,9,9,6,0,58.355,7.294,6,0,0,6,0,0,0,0,35.454,22.901,,7.0908,0,7.6336666666667,0,,,
946923056773762,,423008958154572,"Bidhaan Health & Beauty",,62,"03/16/2024 09:00",,,03/31/2024,9,8,4,0,76.293,9.536,4,0,0,4,0,0,0,0,11.504,60.517,4.272,2.876,2.136,30.2585,0,,,
1863024224146733,,423008958154572,"Bidhaan Health & Beauty",,26,"03/05/2024 07:08",,,01/01/2024,0,0,0,0,0,0,0,0,0,0,0,0,0,0,,,,0,0,0,0,,,
1863024224146733,,423008958154572,"Bidhaan Health & Beauty",,26,"03/05/2024 07:08",,,01/02/2024,0,0,0,0,0,0,0,0,0,0,0,0,0,0,,,,0,0,0,0,,,
1863024224146733,,423008958154572,"Bidhaan Health & Beauty",,26,"03/05/2024 07:08",,,01/03/2024,0,0,0,0,0,0,0,0,0,0,0,0,0,0,,,,0,0,0,0,,,
1863024224146733,,423008958154572,"Bidhaan Health & Beauty",,26,"03/05/2024 07:08",,,01/04/2024,0,0,0,0,0,0,0,0,0,0,0,0,0,0,,,,0,0,0,0,,,
1863024224146733,,423008958154572,"Bidhaan Health & Beauty",,26,"03/05/2024 07:08",,,01/05/2024,0,0,0,0,0,0,0,0,0,0,0,0,0,0,,,,0,0,0,0,,,
1863024224146733,,423008958154572,"Bidhaan Health & Beauty",,26,"03/05/2024 07:08",,,01/06/2024,0,0,0,0,0,0,0,0,0,0,0,0,0,0,,,,0,0,0,0,,,
1863024224146733,,423008958154572,"Bidhaan Health & Beauty",,26,"03/05/2024 07:08",,,01/07/2024,0,0,0,0,0,0,0,0,0,0,0,0,0,0,,,,0,0,0,0,,,
1863024224146733,,423008958154572,"Bidhaan Health & Beauty",,26,"03/05/2024 07:08",,,01/08/2024,0,0,0,0,0,0,0,0,0,0,0,0,0,0,,,,0,0,0,0,,,
1863024224146733,,423008958154572,"Bidhaan Health & Beauty",,26,"03/05/2024 07:08",,,01/09/2024,0,0,0,0,0,0,0,0,0,0,0,0,0,0,,,,0,0,0,0,,,
1863024224146733,,423008958154572,"Bidhaan Health & Beauty",,26,"03/05/2024 07:08",,,01/10/2024,0,0,0,0,0,0,0,0,0,0,0,0,0,0,,,,0,0,0,0,,,
1863024224146733,,423008958154572,"Bidhaan Health & Beauty",,26,"03/05/2024 07:08",,,01/11/2024,0,0,0,0,0,0,0,0,0,0,0,0,0,0,,,,0,0,0,0,,,
1863024224146733,,423008958154572,"Bidhaan Health & Beauty",,26,"03/05/2024 07:08",,,01/12/2024,0,0,0,0,0,0,0,0,0,0,0,0,0,0,,,,0,0,0,0,,,
1863024224146733,,423008958154572,"Bidhaan Health & Beauty",,26,"03/05/2024 07:08",,,01/13/2024,0,0,0,0,0,0,0,0,0,0,0,0,0,0,,,,0,0,0,0,,,
1863024224146733,,423008958154572,"Bidhaan Health & Beauty",,26,"03/05/2024 07:08",,,01/14/2024,0,0,0,0,0,0,0,0,0,0,0,0,0,0,,,,0,0,0,0,,,
1863024224146733,,423008958154572,"Bidhaan Health & Beauty",,26,"03/05/2024 07:08",,,01/15/2024,0,0,0,0,0,0,0,0,0,0,0,0,0,0,,,,0,0,0,0,,,
1863024224146733,,423008958154572,"Bidhaan Health & Beauty",,26,"03/05/2024 07:08",,,01/16/2024,0,0,0,0,0,0,0,0,0,0,0,0,0,0,,,,0,0,0,0,,,
1863024224146733,,423008958154572,"Bidhaan Health & Beauty",,26,"03/05/2024 07:08",,,01/17/2024,0,0,0,0,0,0,0,0,0,0,0,0,0,0,,,,0,0,0,0,,,
1863024224146733,,423008958154572,"Bidhaan Health & Beauty",,26,"03/05/2024 07:08",,,01/18/2024,0,0,0,0,0,0,0,0,0,0,0,0,0,0,,,,0,0,0,0,,,
1863024224146733,,423008958154572,"Bidhaan Health & Beauty",,26,"03/05/2024 07:08",,,01/19/2024,0,0,0,0,0,0,0,0,0,0,0,0,0,0,,,,0,0,0,0,,,
1863024224146733,,423008958154572,"Bidhaan Health & Beauty",,26,"03/05/2024 07:08",,,01/20/2024,0,0,0,0,0,0,0,0,0,0,0,0,0,0,,,,0,0,0,0,,,
1863024224146733,,423008958154572,"Bidhaan Health & Beauty",,26,"03/05/2024 07:08",,,01/21/2024,0,0,0,0,0,0,0,0,0,0,0,0,0,0,,,,0,0,0,0,,,
1863024224146733,,423008958154572,"Bidhaan Health & Beauty",,26,"03/05/2024 07:08",,,01/22/2024,0,0,0,0,0,0,0,0,0,0,0,0,0,0,,,,0,0,0,0,,,
1863024224146733,,423008958154572,"Bidhaan Health & Beauty",,26,"03/05/2024 07:08",,,01/23/2024,0,0,0,0,0,0,0,0,0,0,0,0,0,0,,,,0,0,0,0,,,
1863024224146733,,423008958154572,"Bidhaan Health & Beauty",,26,"03/05/2024 07:08",,,01/24/2024,0,0,0,0,0,0,0,0,0,0,0,0,0,0,,,,0,0,0,0,,,
1863024224146733,,423008958154572,"Bidhaan Health & Beauty",,26,"03/05/2024 07:08",,,01/25/2024,0,0,0,0,0,0,0,0,0,0,0,0,0,0,,,,0,0,0,0,,,
1863024224146733,,423008958154572,"Bidhaan Health & Beauty",,26,"03/05/2024 07:08",,,01/26/2024,0,0,0,0,0,0,0,0,0,0,0,0,0,0,,,,0,0,0,0,,,
1863024224146733,,423008958154572,"Bidhaan Health & Beauty",,26,"03/05/2024 07:08",,,01/27/2024,0,0,0,0,0,0,0,0,0,0,0,0,0,0,,,,0,0,0,0,,,
1863024224146733,,423008958154572,"Bidhaan Health & Beauty",,26,"03/05/2024 07:08",,,01/28/2024,0,0,0,0,0,0,0,0,0,0,0,0,0,0,,,,0,0,0,0,,,
1863024224146733,,423008958154572,"Bidhaan Health & Beauty",,26,"03/05/2024 07:08",,,01/29/2024,0,0,0,0,0,0,0,0,0,0,0,0,0,0,,,,0,0,0,0,,,
1863024224146733,,423008958154572,"Bidhaan Health & Beauty",,26,"03/05/2024 07:08",,,01/30/2024,0,0,0,0,0,0,0,0,0,0,0,0,0,0,,,,0,0,0,0,,,
1863024224146733,,423008958154572,"Bidhaan Health & Beauty",,26,"03/05/2024 07:08",,,01/31/2024,0,0,0,0,0,0,0,0,0,0,0,0,0,0,,,,0,0,0,0,,,
1863024224146733,,423008958154572,"Bidhaan Health & Beauty",,26,"03/05/2024 07:08",,,02/01/2024,0,0,0,0,0,0,0,0,0,0,0,0,0,0,,,,0,0,0,0,,,
1863024224146733,,423008958154572,"Bidhaan Health & Beauty",,26,"03/05/2024 07:08",,,02/02/2024,0,0,0,0,0,0,0,0,0,0,0,0,0,0,,,,0,0,0,0,,,
1863024224146733,,423008958154572,"Bidhaan Health & Beauty",,26,"03/05/2024 07:08",,,02/03/2024,0,0,0,0,0,0,0,0,0,0,0,0,0,0,,,,0,0,0,0,,,
1863024224146733,,423008958154572,"Bidhaan Health & Beauty",,26,"03/05/2024 07:08",,,02/04/2024,0,0,0,0,0,0,0,0,0,0,0,0,0,0,,,,0,0,0,0,,,
1863024224146733,,423008958154572,"Bidhaan Health & Beauty",,26,"03/05/2024 07:08",,,02/05/2024,0,0,0,0,0,0,0,0,0,0,0,0,0,0,,,,0,0,0,0,,,
1863024224146733,,423008958154572,"Bidhaan Health & Beauty",,26,"03/05/2024 07:08",,,02/06/2024,0,0,0,0,0,0,0,0,0,0,0,0,0,0,,,,0,0,0,0,,,
1863024224146733,,423008958154572,"Bidhaan Health & Beauty",,26,"03/05/2024 07:08",,,02/07/2024,0,0,0,0,0,0,0,0,0,0,0,0,0,0,,,,0,0,0,0,,,
1863024224146733,,423008958154572,"Bidhaan Health & Beauty",,26,"03/05/2024 07:08",,,02/08/2024,0,0,0,0,0,0,0,0,0,0,0,0,0,0,,,,0,0,0,0,,,
1863024224146733,,423008958154572,"Bidhaan Health & Beauty",,26,"03/05/2024 07:08",,,02/09/2024,0,0,0,0,0,0,0,0,0,0,0,0,0,0,,,,0,0,0,0,,,
1863024224146733,,423008958154572,"Bidhaan Health & Beauty",,26,"03/05/2024 07:08",,,02/10/2024,0,0,0,0,0,0,0,0,0,0,0,0,0,0,,,,0,0,0,0,,,
1863024224146733,,423008958154572,"Bidhaan Health & Beauty",,26,"03/05/2024 07:08",,,02/11/2024,0,0,0,0,0,0,0,0,0,0,0,0,0,0,,,,0,0,0,0,,,
1863024224146733,,423008958154572,"Bidhaan Health & Beauty",,26,"03/05/2024 07:08",,,02/12/2024,0,0,0,0,0,0,0,0,0,0,0,0,0,0,,,,0,0,0,0,,,
1863024224146733,,423008958154572,"Bidhaan Health & Beauty",,26,"03/05/2024 07:08",,,02/13/2024,0,0,0,0,0,0,0,0,0,0,0,0,0,0,,,,0,0,0,0,,,
1863024224146733,,423008958154572,"Bidhaan Health & Beauty",,26,"03/05/2024 07:08",,,02/14/2024,0,0,0,0,0,0,0,0,0,0,0,0,0,0,,,,0,0,0,0,,,
1863024224146733,,423008958154572,"Bidhaan Health & Beauty",,26,"03/05/2024 07:08",,,02/15/2024,0,0,0,0,0,0,0,0,0,0,0,0,0,0,,,,0,0,0,0,,,
1863024224146733,,423008958154572,"Bidhaan Health & Beauty",,26,"03/05/2024 07:08",,,02/16/2024,0,0,0,0,0,0,0,0,0,0,0,0,0,0,,,,0,0,0,0,,,
1863024224146733,,423008958154572,"Bidhaan Health & Beauty",,26,"03/05/2024 07:08",,,02/17/2024,0,0,0,0,0,0,0,0,0,0,0,0,0,0,,,,0,0,0,0,,,
1863024224146733,,423008958154572,"Bidhaan Health & Beauty",,26,"03/05/2024 07:08",,,02/18/2024,0,0,0,0,0,0,0,0,0,0,0,0,0,0,,,,0,0,0,0,,,
1863024224146733,,423008958154572,"Bidhaan Health & Beauty",,26,"03/05/2024 07:08",,,02/19/2024,0,0,0,0,0,0,0,0,0,0,0,0,0,0,,,,0,0,0,0,,,
1863024224146733,,423008958154572,"Bidhaan Health & Beauty",,26,"03/05/2024 07:08",,,02/20/2024,0,0,0,0,0,0,0,0,0,0,0,0,0,0,,,,0,0,0,0,,,
1863024224146733,,423008958154572,"Bidhaan Health & Beauty",,26,"03/05/2024 07:08",,,02/21/2024,0,0,0,0,0,0,0,0,0,0,0,0,0,0,,,,0,0,0,0,,,
1863024224146733,,423008958154572,"Bidhaan Health & Beauty",,26,"03/05/2024 07:08",,,02/22/2024,0,0,0,0,0,0,0,0,0,0,0,0,0,0,,,,0,0,0,0,,,
1863024224146733,,423008958154572,"Bidhaan Health & Beauty",,26,"03/05/2024 07:08",,,02/23/2024,0,0,0,0,0,0,0,0,0,0,0,0,0,0,,,,0,0,0,0,,,
1863024224146733,,423008958154572,"Bidhaan Health & Beauty",,26,"03/05/2024 07:08",,,02/24/2024,0,0,0,0,0,0,0,0,0,0,0,0,0,0,,,,0,0,0,0,,,
1863024224146733,,423008958154572,"Bidhaan Health & Beauty",,26,"03/05/2024 07:08",,,02/25/2024,0,0,0,0,0,0,0,0,0,0,0,0,0,0,,,,0,0,0,0,,,
1863024224146733,,423008958154572,"Bidhaan Health & Beauty",,26,"03/05/2024 07:08",,,02/26/2024,0,0,0,0,0,0,0,0,0,0,0,0,0,0,,,,0,0,0,0,,,
1863024224146733,,423008958154572,"Bidhaan Health & Beauty",,26,"03/05/2024 07:08",,,02/27/2024,0,0,0,0,0,0,0,0,0,0,0,0,0,0,,,,0,0,0,0,,,
1863024224146733,,423008958154572,"Bidhaan Health & Beauty",,26,"03/05/2024 07:08",,,02/28/2024,0,0,0,0,0,0,0,0,0,0,0,0,0,0,,,,0,0,0,0,,,
1863024224146733,,423008958154572,"Bidhaan Health & Beauty",,26,"03/05/2024 07:08",,,02/29/2024,0,0,0,0,0,0,0,0,0,0,0,0,0,0,,,,0,0,0,0,,,
1863024224146733,,423008958154572,"Bidhaan Health & Beauty",,26,"03/05/2024 07:08",,,03/01/2024,0,0,0,0,0,0,0,0,0,0,0,0,0,0,,,,0,0,0,0,,,
1863024224146733,,423008958154572,"Bidhaan Health & Beauty",,26,"03/05/2024 07:08",,,03/02/2024,0,0,0,0,0,0,0,0,0,0,0,0,0,0,,,,0,0,0,0,,,
1863024224146733,,423008958154572,"Bidhaan Health & Beauty",,26,"03/05/2024 07:08",,,03/03/2024,0,0,0,0,0,0,0,0,0,0,0,0,0,0,,,,0,0,0,0,,,
1863024224146733,,423008958154572,"Bidhaan Health & Beauty",,26,"03/05/2024 07:08",,,03/04/2024,0,0,0,0,0,0,0,0,0,0,0,0,0,0,,,,0,0,0,0,,,
1863024224146733,,423008958154572,"Bidhaan Health & Beauty",,26,"03/05/2024 07:08",,,03/05/2024,110,109,22,0,491.227,5.99,21,0,0,22,6,6,0,0,93.708,397.519,,15.618,0,5.2305131578947,0,,,
1863024224146733,,423008958154572,"Bidhaan Health & Beauty",,26,"03/05/2024 07:08",,,03/06/2024,92,92,20,0,392.86,5.612,20,0,0,20,1,0,0,1,82.197,282.667,27.996,10.274625,2.5450909090909,5.5424901960784,0,,,
1863024224146733,,423008958154572,"Bidhaan Health & Beauty",,26,"03/05/2024 07:08",,,03/07/2024,39,39,7,0,66.172,2.545,7,0,0,7,1,1,0,0,18.935,42.95,4.287,2.1038888888889,1.429,3.0678571428571,0,,,
1863024224146733,,423008958154572,"Bidhaan Health & Beauty",,26,"03/05/2024 07:08",,,03/08/2024,27,26,6,0,76.343,3.817,6,0,0,6,0,0,0,0,27.878,45.071,3.394,4.6463333333333,3.394,3.467,0,,,
1863024224146733,,423008958154572,"Bidhaan Health & Beauty",,26,"03/05/2024 07:08",,,03/09/2024,42,42,15,0,160.96,4.35,15,0,0,15,0,0,0,0,70.856,86.275,3.829,5.0611428571429,1.2763333333333,4.31375,0,,,
1863024224146733,,423008958154572,"Bidhaan Health & Beauty",,26,"03/05/2024 07:08",,,03/10/2024,35,35,13,0,133.786,4.459,13,0,0,13,0,0,0,0,64.686,69.1,,4.6204285714286,0,4.31875,0,,,
1863024224146733,,423008958154572,"Bidhaan Health & Beauty",,26,"03/05/2024 07:08",,,03/11/2024,20,19,8,0,193.983,10.776,8,0,0,8,0,0,0,0,178.046,15.937,,16.186,0,2.2767142857143,0,,,
1863024224146733,,423008958154572,"Bidhaan Health & Beauty",,26,"03/05/2024 07:08",,,03/12/2024,35,34,14,0,166.755,5.75,13,0,0,14,1,1,0,0,61.458,105.297,,3.4143333333333,0,9.5724545454545,0,,,
1863024224146733,,423008958154572,"Bidhaan Health & Beauty",,26,"03/05/2024 07:08",,,03/13/2024,19,17,6,0,75.756,4.208,6,0,0,6,0,0,0,0,43.275,32.481,,5.409375,0,3.2481,0,,,
1863024224146733,,423008958154572,"Bidhaan Health & Beauty",,26,"03/05/2024 07:08",,,03/14/2024,17,16,7,0,82.965,5.926,7,0,0,7,0,0,0,0,21.669,61.296,,5.41725,0,6.1296,0,,,
1863024224146733,,423008958154572,"Bidhaan Health & Beauty",,26,"03/05/2024 07:08",,,03/15/2024,12,12,2,0,48.433,6.054,2,0,0,2,0,0,0,0,15.518,32.915,,3.8795,0,8.22875,0,,,
1863024224146733,,423008958154572,"Bidhaan Health & Beauty",,26,"03/05/2024 07:08",,,03/16/2024,15,14,4,0,51.161,7.308,4,0,0,4,0,0,0,0,17.757,33.404,,5.919,0,8.351,0,,,
1863024224146733,,423008958154572,"Bidhaan Health & Beauty",,26,"03/05/2024 07:08",,,03/17/2024,15,11,3,0,41.175,4.575,3,0,0,3,0,0,0,0,27.799,13.376,,6.94975,0,2.6752,0,,,
1863024224146733,,423008958154572,"Bidhaan Health & Beauty",,26,"03/05/2024 07:08",,,03/18/2024,9,9,2,0,45.052,5.005,2,0,0,2,0,0,0,0,23.389,21.663,,4.6778,0,5.41575,0,,,
1863024224146733,,423008958154572,"Bidhaan Health & Beauty",,26,"03/05/2024 07:08",,,03/19/2024,18,18,7,0,57.084,3.171,7,0,0,7,0,0,0,0,9.282,45.901,1.901,2.3205,0.9505,3.8250833333333,0,,,
1863024224146733,,423008958154572,"Bidhaan Health & Beauty",,26,"03/05/2024 07:08",,,03/20/2024,12,12,0,0,12.805,1.422,0,0,0,0,0,0,0,0,6.486,6.319,,1.6215,0,1.2638,0,,,
1863024224146733,,423008958154572,"Bidhaan Health & Beauty",,26,"03/05/2024 07:08",,,03/21/2024,13,13,2,0,15.135,1.681,2,0,0,2,0,0,0,0,4.079,11.056,,0.8158,0,2.764,0,,,
1863024224146733,,423008958154572,"Bidhaan Health & Beauty",,26,"03/05/2024 07:08",,,03/22/2024,16,14,7,0,60.687,4.334,7,0,0,7,0,0,0,0,41.206,14.764,4.717,5.15075,4.717,2.9528,0,,,
1863024224146733,,423008958154572,"Bidhaan Health & Beauty",,26,"03/05/2024 07:08",,,03/23/2024,14,13,9,0,84.816,6.524,8,0,0,9,0,0,0,0,47.837,36.979,,9.5674,0,4.622375,0,,,
1863024224146733,,423008958154572,"Bidhaan Health & Beauty",,26,"03/05/2024 07:08",,,03/24/2024,8,8,4,0,132.168,16.521,4,0,0,4,0,0,0,0,8.434,123.734,,4.217,0,20.622333333333,0,,,
1863024224146733,,423008958154572,"Bidhaan Health & Beauty",,26,"03/05/2024 07:08",,,03/25/2024,8,6,3,0,30.137,4.305,3,0,0,3,0,0,0,0,18.235,11.902,,9.1175,0,2.3804,0,,,
1863024224146733,,423008958154572,"Bidhaan Health & Beauty",,26,"03/05/2024 07:08",,,03/26/2024,6,6,2,0,18.017,4.504,2,0,0,2,0,0,0,0,9.437,8.58,,4.7185,0,4.29,0,,,
1863024224146733,,423008958154572,"Bidhaan Health & Beauty",,26,"03/05/2024 07:08",,,03/27/2024,10,9,2,0,22.602,3.228,2,0,0,2,0,0,0,0,10.986,11.616,,2.1972,0,5.808,0,,,
1863024224146733,,423008958154572,"Bidhaan Health & Beauty",,26,"03/05/2024 07:08",,,03/28/2024,9,9,2,0,17.054,2.842,2,0,0,2,0,0,0,0,15.655,1.399,,3.131,0,1.399,0,,,
1863024224146733,,423008958154572,"Bidhaan Health & Beauty",,26,"03/05/2024 07:08",,,03/29/2024,2,2,1,0,3.472,1.736,1,0,0,1,0,0,0,0,3.472,,,1.736,0,0,0,,,
1863024224146733,,423008958154572,"Bidhaan Health & Beauty",,26,"03/05/2024 07:08",,,03/30/2024,5,5,1,0,10.766,2.691,1,0,0,1,0,0,0,0,7.549,3.217,,3.7745,0,1.6085,0,,,
1863024224146733,,423008958154572,"Bidhaan Health & Beauty",,26,"03/05/2024 07:08",,,03/31/2024,5,5,2,0,18.258,4.564,2,0,0,2,0,0,0,0,13.114,3.698,1.446,6.557,1.446,3.698,0,,,
675965858084800,,423008958154572,"Bidhaan Health & Beauty","Booqo xarunteena Bidhaan Si aad U hesho Daaweyn iyo la talin Cudurada  Ku Dhaca Maqaarka Iyo Cidiyaha.    Fadlan nagala soo xiriir: 0770712173",39,"01/21/2024 10:21",,,01/01/2024,0,0,0,0,0,0,0,0,0,0,0,0,0,0,,,,0,0,0,0,,,
675965858084800,,423008958154572,"Bidhaan Health & Beauty","Booqo xarunteena Bidhaan Si aad U hesho Daaweyn iyo la talin Cudurada  Ku Dhaca Maqaarka Iyo Cidiyaha.    Fadlan nagala soo xiriir: 0770712173",39,"01/21/2024 10:21",,,01/02/2024,0,0,0,0,0,0,0,0,0,0,0,0,0,0,,,,0,0,0,0,,,
675965858084800,,423008958154572,"Bidhaan Health & Beauty","Booqo xarunteena Bidhaan Si aad U hesho Daaweyn iyo la talin Cudurada  Ku Dhaca Maqaarka Iyo Cidiyaha.    Fadlan nagala soo xiriir: 0770712173",39,"01/21/2024 10:21",,,01/03/2024,0,0,0,0,0,0,0,0,0,0,0,0,0,0,,,,0,0,0,0,,,
675965858084800,,423008958154572,"Bidhaan Health & Beauty","Booqo xarunteena Bidhaan Si aad U hesho Daaweyn iyo la talin Cudurada  Ku Dhaca Maqaarka Iyo Cidiyaha.    Fadlan nagala soo xiriir: 0770712173",39,"01/21/2024 10:21",,,01/04/2024,0,0,0,0,0,0,0,0,0,0,0,0,0,0,,,,0,0,0,0,,,
675965858084800,,423008958154572,"Bidhaan Health & Beauty","Booqo xarunteena Bidhaan Si aad U hesho Daaweyn iyo la talin Cudurada  Ku Dhaca Maqaarka Iyo Cidiyaha.    Fadlan nagala soo xiriir: 0770712173",39,"01/21/2024 10:21",,,01/05/2024,0,0,0,0,0,0,0,0,0,0,0,0,0,0,,,,0,0,0,0,,,
675965858084800,,423008958154572,"Bidhaan Health & Beauty","Booqo xarunteena Bidhaan Si aad U hesho Daaweyn iyo la talin Cudurada  Ku Dhaca Maqaarka Iyo Cidiyaha.    Fadlan nagala soo xiriir: 0770712173",39,"01/21/2024 10:21",,,01/06/2024,0,0,0,0,0,0,0,0,0,0,0,0,0,0,,,,0,0,0,0,,,
675965858084800,,423008958154572,"Bidhaan Health & Beauty","Booqo xarunteena Bidhaan Si aad U hesho Daaweyn iyo la talin Cudurada  Ku Dhaca Maqaarka Iyo Cidiyaha.    Fadlan nagala soo xiriir: 0770712173",39,"01/21/2024 10:21",,,01/07/2024,0,0,0,0,0,0,0,0,0,0,0,0,0,0,,,,0,0,0,0,,,
675965858084800,,423008958154572,"Bidhaan Health & Beauty","Booqo xarunteena Bidhaan Si aad U hesho Daaweyn iyo la talin Cudurada  Ku Dhaca Maqaarka Iyo Cidiyaha.    Fadlan nagala soo xiriir: 0770712173",39,"01/21/2024 10:21",,,01/08/2024,0,0,0,0,0,0,0,0,0,0,0,0,0,0,,,,0,0,0,0,,,
675965858084800,,423008958154572,"Bidhaan Health & Beauty","Booqo xarunteena Bidhaan Si aad U hesho Daaweyn iyo la talin Cudurada  Ku Dhaca Maqaarka Iyo Cidiyaha.    Fadlan nagala soo xiriir: 0770712173",39,"01/21/2024 10:21",,,01/09/2024,0,0,0,0,0,0,0,0,0,0,0,0,0,0,,,,0,0,0,0,,,
675965858084800,,423008958154572,"Bidhaan Health & Beauty","Booqo xarunteena Bidhaan Si aad U hesho Daaweyn iyo la talin Cudurada  Ku Dhaca Maqaarka Iyo Cidiyaha.    Fadlan nagala soo xiriir: 0770712173",39,"01/21/2024 10:21",,,01/10/2024,0,0,0,0,0,0,0,0,0,0,0,0,0,0,,,,0,0,0,0,,,
675965858084800,,423008958154572,"Bidhaan Health & Beauty","Booqo xarunteena Bidhaan Si aad U hesho Daaweyn iyo la talin Cudurada  Ku Dhaca Maqaarka Iyo Cidiyaha.    Fadlan nagala soo xiriir: 0770712173",39,"01/21/2024 10:21",,,01/11/2024,0,0,0,0,0,0,0,0,0,0,0,0,0,0,,,,0,0,0,0,,,
675965858084800,,423008958154572,"Bidhaan Health & Beauty","Booqo xarunteena Bidhaan Si aad U hesho Daaweyn iyo la talin Cudurada  Ku Dhaca Maqaarka Iyo Cidiyaha.    Fadlan nagala soo xiriir: 0770712173",39,"01/21/2024 10:21",,,01/12/2024,0,0,0,0,0,0,0,0,0,0,0,0,0,0,,,,0,0,0,0,,,
675965858084800,,423008958154572,"Bidhaan Health & Beauty","Booqo xarunteena Bidhaan Si aad U hesho Daaweyn iyo la talin Cudurada  Ku Dhaca Maqaarka Iyo Cidiyaha.    Fadlan nagala soo xiriir: 0770712173",39,"01/21/2024 10:21",,,01/13/2024,0,0,0,0,0,0,0,0,0,0,0,0,0,0,,,,0,0,0,0,,,
675965858084800,,423008958154572,"Bidhaan Health & Beauty","Booqo xarunteena Bidhaan Si aad U hesho Daaweyn iyo la talin Cudurada  Ku Dhaca Maqaarka Iyo Cidiyaha.    Fadlan nagala soo xiriir: 0770712173",39,"01/21/2024 10:21",,,01/14/2024,0,0,0,0,0,0,0,0,0,0,0,0,0,0,,,,0,0,0,0,,,
675965858084800,,423008958154572,"Bidhaan Health & Beauty","Booqo xarunteena Bidhaan Si aad U hesho Daaweyn iyo la talin Cudurada  Ku Dhaca Maqaarka Iyo Cidiyaha.    Fadlan nagala soo xiriir: 0770712173",39,"01/21/2024 10:21",,,01/15/2024,0,0,0,0,0,0,0,0,0,0,0,0,0,0,,,,0,0,0,0,,,
675965858084800,,423008958154572,"Bidhaan Health & Beauty","Booqo xarunteena Bidhaan Si aad U hesho Daaweyn iyo la talin Cudurada  Ku Dhaca Maqaarka Iyo Cidiyaha.    Fadlan nagala soo xiriir: 0770712173",39,"01/21/2024 10:21",,,01/16/2024,0,0,0,0,0,0,0,0,0,0,0,0,0,0,,,,0,0,0,0,,,
675965858084800,,423008958154572,"Bidhaan Health & Beauty","Booqo xarunteena Bidhaan Si aad U hesho Daaweyn iyo la talin Cudurada  Ku Dhaca Maqaarka Iyo Cidiyaha.    Fadlan nagala soo xiriir: 0770712173",39,"01/21/2024 10:21",,,01/17/2024,0,0,0,0,0,0,0,0,0,0,0,0,0,0,,,,0,0,0,0,,,
675965858084800,,423008958154572,"Bidhaan Health & Beauty","Booqo xarunteena Bidhaan Si aad U hesho Daaweyn iyo la talin Cudurada  Ku Dhaca Maqaarka Iyo Cidiyaha.    Fadlan nagala soo xiriir: 0770712173",39,"01/21/2024 10:21",,,01/18/2024,0,0,0,0,0,0,0,0,0,0,0,0,0,0,,,,0,0,0,0,,,
675965858084800,,423008958154572,"Bidhaan Health & Beauty","Booqo xarunteena Bidhaan Si aad U hesho Daaweyn iyo la talin Cudurada  Ku Dhaca Maqaarka Iyo Cidiyaha.    Fadlan nagala soo xiriir: 0770712173",39,"01/21/2024 10:21",,,01/19/2024,0,0,0,0,0,0,0,0,0,0,0,0,0,0,,,,0,0,0,0,,,
675965858084800,,423008958154572,"Bidhaan Health & Beauty","Booqo xarunteena Bidhaan Si aad U hesho Daaweyn iyo la talin Cudurada  Ku Dhaca Maqaarka Iyo Cidiyaha.    Fadlan nagala soo xiriir: 0770712173",39,"01/21/2024 10:21",,,01/20/2024,0,0,0,0,0,0,0,0,0,0,0,0,0,0,,,,0,0,0,0,,,
675965858084800,,423008958154572,"Bidhaan Health & Beauty","Booqo xarunteena Bidhaan Si aad U hesho Daaweyn iyo la talin Cudurada  Ku Dhaca Maqaarka Iyo Cidiyaha.    Fadlan nagala soo xiriir: 0770712173",39,"01/21/2024 10:21",,,01/21/2024,177,175,48,0,1000.72,6.671,47,0,0,48,2,2,0,0,17.628,983.092,,1.9586666666667,0,6.9722836879433,0,,,
675965858084800,,423008958154572,"Bidhaan Health & Beauty","Booqo xarunteena Bidhaan Si aad U hesho Daaweyn iyo la talin Cudurada  Ku Dhaca Maqaarka Iyo Cidiyaha.    Fadlan nagala soo xiriir: 0770712173",39,"01/21/2024 10:21",,,01/22/2024,131,128,34,0,943.363,8.203,33,0,0,34,4,4,0,0,404.421,538.942,,14.978555555556,0,6.1243409090909,0,,,
675965858084800,,423008958154572,"Bidhaan Health & Beauty","Booqo xarunteena Bidhaan Si aad U hesho Daaweyn iyo la talin Cudurada  Ku Dhaca Maqaarka Iyo Cidiyaha.    Fadlan nagala soo xiriir: 0770712173",39,"01/21/2024 10:21",,,01/23/2024,63,61,20,0,484.608,9.889,20,0,0,20,2,2,0,0,166.894,317.714,,7.2562608695652,0,12.219769230769,0,,,
675965858084800,,423008958154572,"Bidhaan Health & Beauty","Booqo xarunteena Bidhaan Si aad U hesho Daaweyn iyo la talin Cudurada  Ku Dhaca Maqaarka Iyo Cidiyaha.    Fadlan nagala soo xiriir: 0770712173",39,"01/21/2024 10:21",,,01/24/2024,52,52,13,0,312.831,5.902,13,0,0,13,0,0,0,0,140.826,172.005,,12.802363636364,0,4.0953571428571,0,,,
675965858084800,,423008958154572,"Bidhaan Health & Beauty","Booqo xarunteena Bidhaan Si aad U hesho Daaweyn iyo la talin Cudurada  Ku Dhaca Maqaarka Iyo Cidiyaha.    Fadlan nagala soo xiriir: 0770712173",39,"01/21/2024 10:21",,,01/25/2024,31,31,8,0,164.717,7.161,8,0,0,8,0,0,0,0,33.103,131.614,,8.27575,0,6.9270526315789,0,,,
675965858084800,,423008958154572,"Bidhaan Health & Beauty","Booqo xarunteena Bidhaan Si aad U hesho Daaweyn iyo la talin Cudurada  Ku Dhaca Maqaarka Iyo Cidiyaha.    Fadlan nagala soo xiriir: 0770712173",39,"01/21/2024 10:21",,,01/26/2024,10,9,5,0,141.339,11.778,5,0,0,5,0,0,0,0,47.993,93.346,,6.8561428571429,0,18.6692,0,,,
675965858084800,,423008958154572,"Bidhaan Health & Beauty","Booqo xarunteena Bidhaan Si aad U hesho Daaweyn iyo la talin Cudurada  Ku Dhaca Maqaarka Iyo Cidiyaha.    Fadlan nagala soo xiriir: 0770712173",39,"01/21/2024 10:21",,,01/27/2024,8,7,4,0,84.273,12.039,4,0,0,4,0,0,0,0,31.937,52.336,,15.9685,0,10.4672,0,,,
675965858084800,,423008958154572,"Bidhaan Health & Beauty","Booqo xarunteena Bidhaan Si aad U hesho Daaweyn iyo la talin Cudurada  Ku Dhaca Maqaarka Iyo Cidiyaha.    Fadlan nagala soo xiriir: 0770712173",39,"01/21/2024 10:21",,,01/28/2024,9,8,5,0,120.08,12.008,4,0,0,5,0,0,0,0,58.605,61.475,,14.65125,0,10.245833333333,0,,,
675965858084800,,423008958154572,"Bidhaan Health & Beauty","Booqo xarunteena Bidhaan Si aad U hesho Daaweyn iyo la talin Cudurada  Ku Dhaca Maqaarka Iyo Cidiyaha.    Fadlan nagala soo xiriir: 0770712173",39,"01/21/2024 10:21",,,01/29/2024,19,18,3,0,96.692,6.043,3,0,0,3,0,0,0,0,83.661,13.031,,9.2956666666667,0,1.8615714285714,0,,,
675965858084800,,423008958154572,"Bidhaan Health & Beauty","Booqo xarunteena Bidhaan Si aad U hesho Daaweyn iyo la talin Cudurada  Ku Dhaca Maqaarka Iyo Cidiyaha.    Fadlan nagala soo xiriir: 0770712173",39,"01/21/2024 10:21",,,01/30/2024,14,14,5,0,84.419,4.965,5,0,0,5,0,0,0,0,60.805,23.614,,5.0670833333333,0,4.7228,0,,,
675965858084800,,423008958154572,"Bidhaan Health & Beauty","Booqo xarunteena Bidhaan Si aad U hesho Daaweyn iyo la talin Cudurada  Ku Dhaca Maqaarka Iyo Cidiyaha.    Fadlan nagala soo xiriir: 0770712173",39,"01/21/2024 10:21",,,01/31/2024,12,11,3,0,55.037,4.586,3,0,0,3,0,0,0,0,18.094,36.943,,3.6188,0,5.2775714285714,0,,,
675965858084800,,423008958154572,"Bidhaan Health & Beauty","Booqo xarunteena Bidhaan Si aad U hesho Daaweyn iyo la talin Cudurada  Ku Dhaca Maqaarka Iyo Cidiyaha.    Fadlan nagala soo xiriir: 0770712173",39,"01/21/2024 10:21",,,02/01/2024,6,5,1,0,43.067,7.177,1,0,0,1,1,1,0,0,0.561,42.506,,0.2805,0,10.6265,0,,,
675965858084800,,423008958154572,"Bidhaan Health & Beauty","Booqo xarunteena Bidhaan Si aad U hesho Daaweyn iyo la talin Cudurada  Ku Dhaca Maqaarka Iyo Cidiyaha.    Fadlan nagala soo xiriir: 0770712173",39,"01/21/2024 10:21",,,02/02/2024,8,7,3,0,59.663,8.523,3,0,0,3,0,0,0,0,50.018,9.645,,16.672666666667,0,2.41125,0,,,
675965858084800,,423008958154572,"Bidhaan Health & Beauty","Booqo xarunteena Bidhaan Si aad U hesho Daaweyn iyo la talin Cudurada  Ku Dhaca Maqaarka Iyo Cidiyaha.    Fadlan nagala soo xiriir: 0770712173",39,"01/21/2024 10:21",,,02/03/2024,5,5,0,0,4.565,1.521,0,0,0,0,0,0,0,0,4.565,,,1.5216666666667,0,0,0,,,
675965858084800,,423008958154572,"Bidhaan Health & Beauty","Booqo xarunteena Bidhaan Si aad U hesho Daaweyn iyo la talin Cudurada  Ku Dhaca Maqaarka Iyo Cidiyaha.    Fadlan nagala soo xiriir: 0770712173",39,"01/21/2024 10:21",,,02/04/2024,7,6,1,0,22.854,3.809,1,0,0,1,0,0,0,0,20.701,2.153,,6.9003333333333,0,0.71766666666667,0,,,
675965858084800,,423008958154572,"Bidhaan Health & Beauty","Booqo xarunteena Bidhaan Si aad U hesho Daaweyn iyo la talin Cudurada  Ku Dhaca Maqaarka Iyo Cidiyaha.    Fadlan nagala soo xiriir: 0770712173",39,"01/21/2024 10:21",,,02/05/2024,7,6,0,0,2.381,1.19,0,0,0,0,0,0,0,0,1.194,1.187,,1.194,0,1.187,0,,,
675965858084800,,423008958154572,"Bidhaan Health & Beauty","Booqo xarunteena Bidhaan Si aad U hesho Daaweyn iyo la talin Cudurada  Ku Dhaca Maqaarka Iyo Cidiyaha.    Fadlan nagala soo xiriir: 0770712173",39,"01/21/2024 10:21",,,02/06/2024,9,8,6,0,137.527,17.19,6,0,0,6,0,0,0,0,125.147,12.38,,20.857833333333,0,6.19,0,,,
675965858084800,,423008958154572,"Bidhaan Health & Beauty","Booqo xarunteena Bidhaan Si aad U hesho Daaweyn iyo la talin Cudurada  Ku Dhaca Maqaarka Iyo Cidiyaha.    Fadlan nagala soo xiriir: 0770712173",39,"01/21/2024 10:21",,,02/07/2024,16,16,9,0,265.824,17.721,8,0,0,9,0,0,0,0,175.359,90.465,,17.5359,0,18.093,0,,,
675965858084800,,423008958154572,"Bidhaan Health & Beauty","Booqo xarunteena Bidhaan Si aad U hesho Daaweyn iyo la talin Cudurada  Ku Dhaca Maqaarka Iyo Cidiyaha.    Fadlan nagala soo xiriir: 0770712173",39,"01/21/2024 10:21",,,02/08/2024,9,9,3,0,65.235,8.154,3,0,0,3,0,0,0,0,44.896,20.339,,8.9792,0,6.7796666666667,0,,,
675965858084800,,423008958154572,"Bidhaan Health & Beauty","Booqo xarunteena Bidhaan Si aad U hesho Daaweyn iyo la talin Cudurada  Ku Dhaca Maqaarka Iyo Cidiyaha.    Fadlan nagala soo xiriir: 0770712173",39,"01/21/2024 10:21",,,02/09/2024,5,5,0,0,1.828,0.609,0,0,0,0,0,0,0,0,1.797,0.031,,0.8985,0,0.031,0,,,
675965858084800,,423008958154572,"Bidhaan Health & Beauty","Booqo xarunteena Bidhaan Si aad U hesho Daaweyn iyo la talin Cudurada  Ku Dhaca Maqaarka Iyo Cidiyaha.    Fadlan nagala soo xiriir: 0770712173",39,"01/21/2024 10:21",,,02/10/2024,10,9,3,0,104.703,11.633,3,0,0,3,0,0,0,0,82.258,22.445,,13.709666666667,0,7.4816666666667,0,,,
675965858084800,,423008958154572,"Bidhaan Health & Beauty","Booqo xarunteena Bidhaan Si aad U hesho Daaweyn iyo la talin Cudurada  Ku Dhaca Maqaarka Iyo Cidiyaha.    Fadlan nagala soo xiriir: 0770712173",39,"01/21/2024 10:21",,,02/11/2024,14,11,2,0,89.602,6.892,2,0,0,2,0,0,0,0,40.931,48.671,,10.23275,0,5.4078888888889,0,,,
675965858084800,,423008958154572,"Bidhaan Health & Beauty","Booqo xarunteena Bidhaan Si aad U hesho Daaweyn iyo la talin Cudurada  Ku Dhaca Maqaarka Iyo Cidiyaha.    Fadlan nagala soo xiriir: 0770712173",39,"01/21/2024 10:21",,,02/12/2024,11,9,3,0,96.644,8.785,3,0,0,3,0,0,0,0,21.757,74.887,,5.43925,0,10.698142857143,0,,,
675965858084800,,423008958154572,"Bidhaan Health & Beauty","Booqo xarunteena Bidhaan Si aad U hesho Daaweyn iyo la talin Cudurada  Ku Dhaca Maqaarka Iyo Cidiyaha.    Fadlan nagala soo xiriir: 0770712173",39,"01/21/2024 10:21",,,02/13/2024,6,5,1,0,14.777,3.694,1,0,0,1,0,0,0,0,13.78,0.997,,4.5933333333333,0,0.997,0,,,
675965858084800,,423008958154572,"Bidhaan Health & Beauty","Booqo xarunteena Bidhaan Si aad U hesho Daaweyn iyo la talin Cudurada  Ku Dhaca Maqaarka Iyo Cidiyaha.    Fadlan nagala soo xiriir: 0770712173",39,"01/21/2024 10:21",,,02/14/2024,7,6,4,0,101.801,12.725,3,0,0,4,0,0,0,0,99.758,2.043,,19.9516,0,0.681,0,,,
675965858084800,,423008958154572,"Bidhaan Health & Beauty","Booqo xarunteena Bidhaan Si aad U hesho Daaweyn iyo la talin Cudurada  Ku Dhaca Maqaarka Iyo Cidiyaha.    Fadlan nagala soo xiriir: 0770712173",39,"01/21/2024 10:21",,,02/15/2024,3,3,1,0,54.373,18.124,1,0,0,1,0,0,0,0,1.185,53.188,,1.185,0,26.594,0,,,
675965858084800,,423008958154572,"Bidhaan Health & Beauty","Booqo xarunteena Bidhaan Si aad U hesho Daaweyn iyo la talin Cudurada  Ku Dhaca Maqaarka Iyo Cidiyaha.    Fadlan nagala soo xiriir: 0770712173",39,"01/21/2024 10:21",,,02/16/2024,5,4,1,0,21.025,5.256,1,0,0,1,0,0,0,0,21.025,,,5.25625,0,0,0,,,
675965858084800,,423008958154572,"Bidhaan Health & Beauty","Booqo xarunteena Bidhaan Si aad U hesho Daaweyn iyo la talin Cudurada  Ku Dhaca Maqaarka Iyo Cidiyaha.    Fadlan nagala soo xiriir: 0770712173",39,"01/21/2024 10:21",,,02/17/2024,2,2,1,0,15.721,15.721,1,0,0,1,0,0,0,0,15.721,,,15.721,0,0,0,,,
675965858084800,,423008958154572,"Bidhaan Health & Beauty","Booqo xarunteena Bidhaan Si aad U hesho Daaweyn iyo la talin Cudurada  Ku Dhaca Maqaarka Iyo Cidiyaha.    Fadlan nagala soo xiriir: 0770712173",39,"01/21/2024 10:21",,,02/18/2024,11,11,4,0,130.312,14.479,4,0,0,4,0,0,0,0,76.764,53.548,,38.382,0,7.6497142857143,0,,,
675965858084800,,423008958154572,"Bidhaan Health & Beauty","Booqo xarunteena Bidhaan Si aad U hesho Daaweyn iyo la talin Cudurada  Ku Dhaca Maqaarka Iyo Cidiyaha.    Fadlan nagala soo xiriir: 0770712173",39,"01/21/2024 10:21",,,02/19/2024,7,6,4,0,86.237,14.372,2,0,0,4,0,0,0,0,34.953,51.284,,17.4765,0,12.821,0,,,
675965858084800,,423008958154572,"Bidhaan Health & Beauty","Booqo xarunteena Bidhaan Si aad U hesho Daaweyn iyo la talin Cudurada  Ku Dhaca Maqaarka Iyo Cidiyaha.    Fadlan nagala soo xiriir: 0770712173",39,"01/21/2024 10:21",,,02/20/2024,6,5,2,0,42.964,8.592,2,0,0,2,0,0,0,0,39.701,3.263,,13.233666666667,0,1.6315,0,,,
675965858084800,,423008958154572,"Bidhaan Health & Beauty","Booqo xarunteena Bidhaan Si aad U hesho Daaweyn iyo la talin Cudurada  Ku Dhaca Maqaarka Iyo Cidiyaha.    Fadlan nagala soo xiriir: 0770712173",39,"01/21/2024 10:21",,,02/21/2024,8,7,3,0,59.738,7.467,3,0,0,3,0,0,0,0,33.509,26.229,,5.5848333333333,0,13.1145,0,,,
675965858084800,,423008958154572,"Bidhaan Health & Beauty","Booqo xarunteena Bidhaan Si aad U hesho Daaweyn iyo la talin Cudurada  Ku Dhaca Maqaarka Iyo Cidiyaha.    Fadlan nagala soo xiriir: 0770712173",39,"01/21/2024 10:21",,,02/22/2024,4,3,0,0,7.89,1.972,0,0,0,0,0,0,0,0,7.29,0.6,,2.43,0,0.6,0,,,
675965858084800,,423008958154572,"Bidhaan Health & Beauty","Booqo xarunteena Bidhaan Si aad U hesho Daaweyn iyo la talin Cudurada  Ku Dhaca Maqaarka Iyo Cidiyaha.    Fadlan nagala soo xiriir: 0770712173",39,"01/21/2024 10:21",,,02/23/2024,7,7,3,0,114.679,22.935,3,0,0,3,0,0,0,0,95.804,18.875,,47.902,0,6.2916666666667,0,,,
675965858084800,,423008958154572,"Bidhaan Health & Beauty","Booqo xarunteena Bidhaan Si aad U hesho Daaweyn iyo la talin Cudurada  Ku Dhaca Maqaarka Iyo Cidiyaha.    Fadlan nagala soo xiriir: 0770712173",39,"01/21/2024 10:21",,,02/24/2024,21,20,4,0,104.18,6.945,4,0,0,4,0,0,0,0,53.988,50.192,,8.998,0,5.5768888888889,0,,,
675965858084800,,423008958154572,"Bidhaan Health & Beauty","Booqo xarunteena Bidhaan Si aad U hesho Daaweyn iyo la talin Cudurada  Ku Dhaca Maqaarka Iyo Cidiyaha.    Fadlan nagala soo xiriir: 0770712173",39,"01/21/2024 10:21",,,02/25/2024,4,3,2,0,35.617,11.872,1,0,0,2,0,0,0,0,32.967,2.65,,16.4835,0,2.65,0,,,
675965858084800,,423008958154572,"Bidhaan Health & Beauty","Booqo xarunteena Bidhaan Si aad U hesho Daaweyn iyo la talin Cudurada  Ku Dhaca Maqaarka Iyo Cidiyaha.    Fadlan nagala soo xiriir: 0770712173",39,"01/21/2024 10:21",,,02/26/2024,2,2,0,0,3.093,1.546,0,0,0,0,0,0,0,0,3.093,,,1.5465,0,0,0,,,
675965858084800,,423008958154572,"Bidhaan Health & Beauty","Booqo xarunteena Bidhaan Si aad U hesho Daaweyn iyo la talin Cudurada  Ku Dhaca Maqaarka Iyo Cidiyaha.    Fadlan nagala soo xiriir: 0770712173",39,"01/21/2024 10:21",,,02/27/2024,14,12,9,0,142.971,12.997,9,0,0,9,0,0,0,0,99.012,43.959,,16.502,0,8.7918,0,,,
675965858084800,,423008958154572,"Bidhaan Health & Beauty","Booqo xarunteena Bidhaan Si aad U hesho Daaweyn iyo la talin Cudurada  Ku Dhaca Maqaarka Iyo Cidiyaha.    Fadlan nagala soo xiriir: 0770712173",39,"01/21/2024 10:21",,,02/28/2024,13,13,4,0,69.94,5.828,4,0,0,4,0,0,0,0,5.824,64.116,,1.9413333333333,0,7.124,0,,,
675965858084800,,423008958154572,"Bidhaan Health & Beauty","Booqo xarunteena Bidhaan Si aad U hesho Daaweyn iyo la talin Cudurada  Ku Dhaca Maqaarka Iyo Cidiyaha.    Fadlan nagala soo xiriir: 0770712173",39,"01/21/2024 10:21",,,02/29/2024,8,7,2,0,43.177,14.392,2,0,0,2,0,0,0,0,0.941,42.236,,0.941,0,21.118,0,,,
675965858084800,,423008958154572,"Bidhaan Health & Beauty","Booqo xarunteena Bidhaan Si aad U hesho Daaweyn iyo la talin Cudurada  Ku Dhaca Maqaarka Iyo Cidiyaha.    Fadlan nagala soo xiriir: 0770712173",39,"01/21/2024 10:21",,,03/01/2024,10,9,2,0,52.397,6.549,2,0,0,2,0,0,0,0,40.382,12.015,,13.460666666667,0,2.403,0,,,
675965858084800,,423008958154572,"Bidhaan Health & Beauty","Booqo xarunteena Bidhaan Si aad U hesho Daaweyn iyo la talin Cudurada  Ku Dhaca Maqaarka Iyo Cidiyaha.    Fadlan nagala soo xiriir: 0770712173",39,"01/21/2024 10:21",,,03/02/2024,9,9,2,0,20.901,3.483,2,0,0,2,0,0,0,0,8.976,11.925,,2.992,0,3.975,0,,,
675965858084800,,423008958154572,"Bidhaan Health & Beauty","Booqo xarunteena Bidhaan Si aad U hesho Daaweyn iyo la talin Cudurada  Ku Dhaca Maqaarka Iyo Cidiyaha.    Fadlan nagala soo xiriir: 0770712173",39,"01/21/2024 10:21",,,03/03/2024,9,8,2,0,74.132,9.266,2,0,0,2,0,0,0,0,41.013,33.119,,10.25325,0,8.27975,0,,,
675965858084800,,423008958154572,"Bidhaan Health & Beauty","Booqo xarunteena Bidhaan Si aad U hesho Daaweyn iyo la talin Cudurada  Ku Dhaca Maqaarka Iyo Cidiyaha.    Fadlan nagala soo xiriir: 0770712173",39,"01/21/2024 10:21",,,03/04/2024,4,3,0,0,0.202,0.202,0,0,0,0,0,0,0,0,,0.202,,0,0,0.202,0,,,
675965858084800,,423008958154572,"Bidhaan Health & Beauty","Booqo xarunteena Bidhaan Si aad U hesho Daaweyn iyo la talin Cudurada  Ku Dhaca Maqaarka Iyo Cidiyaha.    Fadlan nagala soo xiriir: 0770712173",39,"01/21/2024 10:21",,,03/05/2024,5,4,2,0,30.783,10.261,2,0,0,2,0,0,0,0,,30.783,,0,0,10.261,0,,,
675965858084800,,423008958154572,"Bidhaan Health & Beauty","Booqo xarunteena Bidhaan Si aad U hesho Daaweyn iyo la talin Cudurada  Ku Dhaca Maqaarka Iyo Cidiyaha.    Fadlan nagala soo xiriir: 0770712173",39,"01/21/2024 10:21",,,03/06/2024,2,2,1,0,36.393,18.196,1,0,0,1,0,0,0,0,36.357,0.036,,36.357,0,0.036,0,,,
675965858084800,,423008958154572,"Bidhaan Health & Beauty","Booqo xarunteena Bidhaan Si aad U hesho Daaweyn iyo la talin Cudurada  Ku Dhaca Maqaarka Iyo Cidiyaha.    Fadlan nagala soo xiriir: 0770712173",39,"01/21/2024 10:21",,,03/07/2024,2,2,0,0,0,0,0,0,0,0,0,0,0,0,,,,0,0,0,0,,,
675965858084800,,423008958154572,"Bidhaan Health & Beauty","Booqo xarunteena Bidhaan Si aad U hesho Daaweyn iyo la talin Cudurada  Ku Dhaca Maqaarka Iyo Cidiyaha.    Fadlan nagala soo xiriir: 0770712173",39,"01/21/2024 10:21",,,03/08/2024,5,5,1,0,47.054,23.527,1,0,0,1,0,0,0,0,,47.054,,0,0,23.527,0,,,
675965858084800,,423008958154572,"Bidhaan Health & Beauty","Booqo xarunteena Bidhaan Si aad U hesho Daaweyn iyo la talin Cudurada  Ku Dhaca Maqaarka Iyo Cidiyaha.    Fadlan nagala soo xiriir: 0770712173",39,"01/21/2024 10:21",,,03/09/2024,11,11,2,0,51.894,5.189,2,0,0,2,0,0,0,0,38.62,13.274,,19.31,0,1.65925,0,,,
675965858084800,,423008958154572,"Bidhaan Health & Beauty","Booqo xarunteena Bidhaan Si aad U hesho Daaweyn iyo la talin Cudurada  Ku Dhaca Maqaarka Iyo Cidiyaha.    Fadlan nagala soo xiriir: 0770712173",39,"01/21/2024 10:21",,,03/10/2024,7,7,1,0,15.152,2.164,1,0,0,1,0,0,0,0,3.07,12.082,,1.0233333333333,0,3.0205,0,,,
675965858084800,,423008958154572,"Bidhaan Health & Beauty","Booqo xarunteena Bidhaan Si aad U hesho Daaweyn iyo la talin Cudurada  Ku Dhaca Maqaarka Iyo Cidiyaha.    Fadlan nagala soo xiriir: 0770712173",39,"01/21/2024 10:21",,,03/11/2024,4,4,2,0,48.998,16.332,2,0,0,2,0,0,0,0,39.592,9.406,,19.796,0,9.406,0,,,
675965858084800,,423008958154572,"Bidhaan Health & Beauty","Booqo xarunteena Bidhaan Si aad U hesho Daaweyn iyo la talin Cudurada  Ku Dhaca Maqaarka Iyo Cidiyaha.    Fadlan nagala soo xiriir: 0770712173",39,"01/21/2024 10:21",,,03/12/2024,13,12,4,0,53.092,4.826,4,0,0,4,0,0,0,0,23.08,30.012,,4.616,0,5.002,0,,,
675965858084800,,423008958154572,"Bidhaan Health & Beauty","Booqo xarunteena Bidhaan Si aad U hesho Daaweyn iyo la talin Cudurada  Ku Dhaca Maqaarka Iyo Cidiyaha.    Fadlan nagala soo xiriir: 0770712173",39,"01/21/2024 10:21",,,03/13/2024,7,6,5,0,119.034,14.879,5,0,0,5,0,0,0,0,47.537,71.497,,11.88425,0,17.87425,0,,,
675965858084800,,423008958154572,"Bidhaan Health & Beauty","Booqo xarunteena Bidhaan Si aad U hesho Daaweyn iyo la talin Cudurada  Ku Dhaca Maqaarka Iyo Cidiyaha.    Fadlan nagala soo xiriir: 0770712173",39,"01/21/2024 10:21",,,03/14/2024,5,5,2,0,44.03,14.676,2,0,0,2,0,0,0,0,43.297,0.733,,21.6485,0,0.733,0,,,
675965858084800,,423008958154572,"Bidhaan Health & Beauty","Booqo xarunteena Bidhaan Si aad U hesho Daaweyn iyo la talin Cudurada  Ku Dhaca Maqaarka Iyo Cidiyaha.    Fadlan nagala soo xiriir: 0770712173",39,"01/21/2024 10:21",,,03/15/2024,6,6,1,0,9.217,3.072,1,0,0,1,0,0,0,0,6.315,2.902,,3.1575,0,2.902,0,,,
675965858084800,,423008958154572,"Bidhaan Health & Beauty","Booqo xarunteena Bidhaan Si aad U hesho Daaweyn iyo la talin Cudurada  Ku Dhaca Maqaarka Iyo Cidiyaha.    Fadlan nagala soo xiriir: 0770712173",39,"01/21/2024 10:21",,,03/16/2024,4,4,1,0,17.436,5.812,1,0,0,1,0,0,0,0,14.591,2.845,,14.591,0,1.4225,0,,,
675965858084800,,423008958154572,"Bidhaan Health & Beauty","Booqo xarunteena Bidhaan Si aad U hesho Daaweyn iyo la talin Cudurada  Ku Dhaca Maqaarka Iyo Cidiyaha.    Fadlan nagala soo xiriir: 0770712173",39,"01/21/2024 10:21",,,03/17/2024,4,4,1,0,46.463,15.487,1,0,0,1,0,0,0,0,2.93,43.533,,2.93,0,21.7665,0,,,
675965858084800,,423008958154572,"Bidhaan Health & Beauty","Booqo xarunteena Bidhaan Si aad U hesho Daaweyn iyo la talin Cudurada  Ku Dhaca Maqaarka Iyo Cidiyaha.    Fadlan nagala soo xiriir: 0770712173",39,"01/21/2024 10:21",,,03/18/2024,2,2,1,0,72.401,36.2,1,0,0,1,0,0,0,0,1.796,70.605,,1.796,0,70.605,0,,,
675965858084800,,423008958154572,"Bidhaan Health & Beauty","Booqo xarunteena Bidhaan Si aad U hesho Daaweyn iyo la talin Cudurada  Ku Dhaca Maqaarka Iyo Cidiyaha.    Fadlan nagala soo xiriir: 0770712173",39,"01/21/2024 10:21",,,03/19/2024,5,5,0,0,5.411,1.082,0,0,0,0,0,0,0,0,1.103,4.308,,1.103,0,1.077,0,,,
675965858084800,,423008958154572,"Bidhaan Health & Beauty","Booqo xarunteena Bidhaan Si aad U hesho Daaweyn iyo la talin Cudurada  Ku Dhaca Maqaarka Iyo Cidiyaha.    Fadlan nagala soo xiriir: 0770712173",39,"01/21/2024 10:21",,,03/20/2024,3,3,0,0,1.518,0.759,0,0,0,0,0,0,0,0,,1.518,,0,0,0.759,0,,,
675965858084800,,423008958154572,"Bidhaan Health & Beauty","Booqo xarunteena Bidhaan Si aad U hesho Daaweyn iyo la talin Cudurada  Ku Dhaca Maqaarka Iyo Cidiyaha.    Fadlan nagala soo xiriir: 0770712173",39,"01/21/2024 10:21",,,03/21/2024,2,2,0,0,1.156,1.156,0,0,0,0,0,0,0,0,,1.156,,0,0,1.156,0,,,
675965858084800,,423008958154572,"Bidhaan Health & Beauty","Booqo xarunteena Bidhaan Si aad U hesho Daaweyn iyo la talin Cudurada  Ku Dhaca Maqaarka Iyo Cidiyaha.    Fadlan nagala soo xiriir: 0770712173",39,"01/21/2024 10:21",,,03/22/2024,4,3,1,0,4.961,1.24,1,0,0,1,0,0,0,0,3.079,1.882,,3.079,0,0.62733333333333,0,,,
675965858084800,,423008958154572,"Bidhaan Health & Beauty","Booqo xarunteena Bidhaan Si aad U hesho Daaweyn iyo la talin Cudurada  Ku Dhaca Maqaarka Iyo Cidiyaha.    Fadlan nagala soo xiriir: 0770712173",39,"01/21/2024 10:21",,,03/23/2024,5,4,2,0,47.349,9.469,2,0,0,2,0,0,0,0,45.418,1.931,,15.139333333333,0,0.9655,0,,,
675965858084800,,423008958154572,"Bidhaan Health & Beauty","Booqo xarunteena Bidhaan Si aad U hesho Daaweyn iyo la talin Cudurada  Ku Dhaca Maqaarka Iyo Cidiyaha.    Fadlan nagala soo xiriir: 0770712173",39,"01/21/2024 10:21",,,03/24/2024,2,2,1,0,12.915,12.915,1,0,0,1,0,0,0,0,12.915,,,12.915,0,0,0,,,
675965858084800,,423008958154572,"Bidhaan Health & Beauty","Booqo xarunteena Bidhaan Si aad U hesho Daaweyn iyo la talin Cudurada  Ku Dhaca Maqaarka Iyo Cidiyaha.    Fadlan nagala soo xiriir: 0770712173",39,"01/21/2024 10:21",,,03/25/2024,4,3,1,0,12.032,4.01,1,0,0,1,0,0,0,0,10.877,1.155,,10.877,0,0.5775,0,,,
675965858084800,,423008958154572,"Bidhaan Health & Beauty","Booqo xarunteena Bidhaan Si aad U hesho Daaweyn iyo la talin Cudurada  Ku Dhaca Maqaarka Iyo Cidiyaha.    Fadlan nagala soo xiriir: 0770712173",39,"01/21/2024 10:21",,,03/26/2024,1,1,0,0,2.17,1.085,0,0,0,0,0,0,0,0,,2.17,,0,0,1.085,0,,,
675965858084800,,423008958154572,"Bidhaan Health & Beauty","Booqo xarunteena Bidhaan Si aad U hesho Daaweyn iyo la talin Cudurada  Ku Dhaca Maqaarka Iyo Cidiyaha.    Fadlan nagala soo xiriir: 0770712173",39,"01/21/2024 10:21",,,03/27/2024,2,2,1,0,38.382,38.382,1,0,0,1,0,0,0,0,,38.382,,0,0,38.382,0,,,
675965858084800,,423008958154572,"Bidhaan Health & Beauty","Booqo xarunteena Bidhaan Si aad U hesho Daaweyn iyo la talin Cudurada  Ku Dhaca Maqaarka Iyo Cidiyaha.    Fadlan nagala soo xiriir: 0770712173",39,"01/21/2024 10:21",,,03/28/2024,4,4,1,0,32.087,8.021,1,0,0,1,0,0,0,0,32.087,,,8.02175,0,0,0,,,
675965858084800,,423008958154572,"Bidhaan Health & Beauty","Booqo xarunteena Bidhaan Si aad U hesho Daaweyn iyo la talin Cudurada  Ku Dhaca Maqaarka Iyo Cidiyaha.    Fadlan nagala soo xiriir: 0770712173",39,"01/21/2024 10:21",,,03/29/2024,1,1,0,0,0.97,0.97,0,0,0,0,0,0,0,0,0.97,,,0.97,0,0,0,,,
675965858084800,,423008958154572,"Bidhaan Health & Beauty","Booqo xarunteena Bidhaan Si aad U hesho Daaweyn iyo la talin Cudurada  Ku Dhaca Maqaarka Iyo Cidiyaha.    Fadlan nagala soo xiriir: 0770712173",39,"01/21/2024 10:21",,,03/30/2024,0,0,0,0,0,0,0,0,0,0,0,0,0,0,,,,0,0,0,0,,,
675965858084800,,423008958154572,"Bidhaan Health & Beauty","Booqo xarunteena Bidhaan Si aad U hesho Daaweyn iyo la talin Cudurada  Ku Dhaca Maqaarka Iyo Cidiyaha.    Fadlan nagala soo xiriir: 0770712173",39,"01/21/2024 10:21",,,03/31/2024,1,1,0,0,0,0,0,0,0,0,0,0,0,0,,,,0,0,0,0,,,
272352475539090,,423008958154572,"Bidhaan Health & Beauty","Maxaa keena madowga isha hoosteeda gala Waxaa muuqaalkaan ku sharxi doonaa Qaababka aad ugu hortagi karto Dr mohamud mude   Fadlan Booqo Xarunteena oo ku taala Ka soo horjeedka  masjidka saxaaba Xaafada Hodan. Nagala Soo Xiriir: 0611885151",97,"01/01/2024 09:36",,,01/01/2024,533,520,175,19,4565.787,9.591,170,19,0,175,16,14,0,2,1423.142,3069.285,73.36,6.1875739130435,3.8610526315789,13.521079295154,0,5,14,
272352475539090,,423008958154572,"Bidhaan Health & Beauty","Maxaa keena madowga isha hoosteeda gala Waxaa muuqaalkaan ku sharxi doonaa Qaababka aad ugu hortagi karto Dr mohamud mude   Fadlan Booqo Xarunteena oo ku taala Ka soo horjeedka  masjidka saxaaba Xaafada Hodan. Nagala Soo Xiriir: 0611885151",97,"01/01/2024 09:36",,,01/02/2024,248,246,92,15,2956.83,12.636,85,15,0,92,9,6,1,2,583.901,2039.214,333.715,7.9986438356164,12.835192307692,15.105288888889,0,2,12,1
272352475539090,,423008958154572,"Bidhaan Health & Beauty","Maxaa keena madowga isha hoosteeda gala Waxaa muuqaalkaan ku sharxi doonaa Qaababka aad ugu hortagi karto Dr mohamud mude   Fadlan Booqo Xarunteena oo ku taala Ka soo horjeedka  masjidka saxaaba Xaafada Hodan. Nagala Soo Xiriir: 0611885151",97,"01/01/2024 09:36",,,01/03/2024,136,133,43,13,1819.812,13.38,42,13,0,43,5,4,0,1,106.855,1198.333,514.624,5.9363888888889,8.4364590163934,21.023385964912,0,,9,4
272352475539090,,423008958154572,"Bidhaan Health & Beauty","Maxaa keena madowga isha hoosteeda gala Waxaa muuqaalkaan ku sharxi doonaa Qaababka aad ugu hortagi karto Dr mohamud mude   Fadlan Booqo Xarunteena oo ku taala Ka soo horjeedka  masjidka saxaaba Xaafada Hodan. Nagala Soo Xiriir: 0611885151",97,"01/01/2024 09:36",,,01/04/2024,89,87,31,2,618.578,7.364,30,2,0,31,2,2,0,0,66.873,474.899,76.806,4.7766428571429,4.800375,8.7944259259259,0,,2,
272352475539090,,423008958154572,"Bidhaan Health & Beauty","Maxaa keena madowga isha hoosteeda gala Waxaa muuqaalkaan ku sharxi doonaa Qaababka aad ugu hortagi karto Dr mohamud mude   Fadlan Booqo Xarunteena oo ku taala Ka soo horjeedka  masjidka saxaaba Xaafada Hodan. Nagala Soo Xiriir: 0611885151",97,"01/01/2024 09:36",,,01/05/2024,53,52,24,4,653.176,14.199,23,4,0,24,3,3,0,0,166.505,484.448,2.223,11.893214285714,0.741,16.705103448276,0,,4,
272352475539090,,423008958154572,"Bidhaan Health & Beauty","Maxaa keena madowga isha hoosteeda gala Waxaa muuqaalkaan ku sharxi doonaa Qaababka aad ugu hortagi karto Dr mohamud mude   Fadlan Booqo Xarunteena oo ku taala Ka soo horjeedka  masjidka saxaaba Xaafada Hodan. Nagala Soo Xiriir: 0611885151",97,"01/01/2024 09:36",,,01/06/2024,29,28,16,2,406.013,12.687,15,2,0,16,0,0,0,0,230.983,165.979,9.051,20.998454545455,1.8102,10.3736875,0,1,1,
272352475539090,,423008958154572,"Bidhaan Health & Beauty","Maxaa keena madowga isha hoosteeda gala Waxaa muuqaalkaan ku sharxi doonaa Qaababka aad ugu hortagi karto Dr mohamud mude   Fadlan Booqo Xarunteena oo ku taala Ka soo horjeedka  masjidka saxaaba Xaafada Hodan. Nagala Soo Xiriir: 0611885151",97,"01/01/2024 09:36",,,01/07/2024,57,56,16,0,412.832,8.974,16,0,0,16,0,0,0,0,380.058,30.3,2.474,10.8588,1.237,3.3666666666667,0,,,
272352475539090,,423008958154572,"Bidhaan Health & Beauty","Maxaa keena madowga isha hoosteeda gala Waxaa muuqaalkaan ku sharxi doonaa Qaababka aad ugu hortagi karto Dr mohamud mude   Fadlan Booqo Xarunteena oo ku taala Ka soo horjeedka  masjidka saxaaba Xaafada Hodan. Nagala Soo Xiriir: 0611885151",97,"01/01/2024 09:36",,,01/08/2024,40,36,18,3,544.273,18.768,16,3,0,18,1,1,0,0,239.261,305.012,,13.292277777778,0,27.728363636364,0,1,2,
272352475539090,,423008958154572,"Bidhaan Health & Beauty","Maxaa keena madowga isha hoosteeda gala Waxaa muuqaalkaan ku sharxi doonaa Qaababka aad ugu hortagi karto Dr mohamud mude   Fadlan Booqo Xarunteena oo ku taala Ka soo horjeedka  masjidka saxaaba Xaafada Hodan. Nagala Soo Xiriir: 0611885151",97,"01/01/2024 09:36",,,01/09/2024,33,30,9,1,226.649,8.394,9,1,0,9,0,0,0,0,160.161,8.007,58.481,8.00805,19.493666666667,2.00175,0,1,,
272352475539090,,423008958154572,"Bidhaan Health & Beauty","Maxaa keena madowga isha hoosteeda gala Waxaa muuqaalkaan ku sharxi doonaa Qaababka aad ugu hortagi karto Dr mohamud mude   Fadlan Booqo Xarunteena oo ku taala Ka soo horjeedka  masjidka saxaaba Xaafada Hodan. Nagala Soo Xiriir: 0611885151",97,"01/01/2024 09:36",,,01/10/2024,15,15,7,1,172.024,10.119,7,1,0,7,0,0,0,0,15.103,139.765,17.156,2.5171666666667,5.7186666666667,17.470625,0,,1,
272352475539090,,423008958154572,"Bidhaan Health & Beauty","Maxaa keena madowga isha hoosteeda gala Waxaa muuqaalkaan ku sharxi doonaa Qaababka aad ugu hortagi karto Dr mohamud mude   Fadlan Booqo Xarunteena oo ku taala Ka soo horjeedka  masjidka saxaaba Xaafada Hodan. Nagala Soo Xiriir: 0611885151",97,"01/01/2024 09:36",,,01/11/2024,21,21,4,1,154.819,9.676,4,1,0,4,0,0,0,0,30.391,124.132,0.296,3.798875,0.296,17.733142857143,0,,1,
272352475539090,,423008958154572,"Bidhaan Health & Beauty","Maxaa keena madowga isha hoosteeda gala Waxaa muuqaalkaan ku sharxi doonaa Qaababka aad ugu hortagi karto Dr mohamud mude   Fadlan Booqo Xarunteena oo ku taala Ka soo horjeedka  masjidka saxaaba Xaafada Hodan. Nagala Soo Xiriir: 0611885151",97,"01/01/2024 09:36",,,01/12/2024,12,12,3,0,42.371,6.053,3,0,0,3,0,0,0,0,25.545,16.826,,4.2575,0,16.826,0,,,
272352475539090,,423008958154572,"Bidhaan Health & Beauty","Maxaa keena madowga isha hoosteeda gala Waxaa muuqaalkaan ku sharxi doonaa Qaababka aad ugu hortagi karto Dr mohamud mude   Fadlan Booqo Xarunteena oo ku taala Ka soo horjeedka  masjidka saxaaba Xaafada Hodan. Nagala Soo Xiriir: 0611885151",97,"01/01/2024 09:36",,,01/13/2024,11,10,5,0,73.966,5.283,5,0,0,5,0,0,0,0,40.078,32.784,1.104,5.7254285714286,0.552,6.5568,0,,,
272352475539090,,423008958154572,"Bidhaan Health & Beauty","Maxaa keena madowga isha hoosteeda gala Waxaa muuqaalkaan ku sharxi doonaa Qaababka aad ugu hortagi karto Dr mohamud mude   Fadlan Booqo Xarunteena oo ku taala Ka soo horjeedka  masjidka saxaaba Xaafada Hodan. Nagala Soo Xiriir: 0611885151",97,"01/01/2024 09:36",,,01/14/2024,15,15,4,0,41.057,3.421,4,0,0,4,1,1,0,0,6.65,32.951,1.456,1.6625,1.456,4.7072857142857,0,,,
272352475539090,,423008958154572,"Bidhaan Health & Beauty","Maxaa keena madowga isha hoosteeda gala Waxaa muuqaalkaan ku sharxi doonaa Qaababka aad ugu hortagi karto Dr mohamud mude   Fadlan Booqo Xarunteena oo ku taala Ka soo horjeedka  masjidka saxaaba Xaafada Hodan. Nagala Soo Xiriir: 0611885151",97,"01/01/2024 09:36",,,01/15/2024,18,18,7,1,145.514,8.559,7,1,0,7,1,1,0,0,16.843,125.307,3.364,3.3686,1.682,12.5307,0,,1,
272352475539090,,423008958154572,"Bidhaan Health & Beauty","Maxaa keena madowga isha hoosteeda gala Waxaa muuqaalkaan ku sharxi doonaa Qaababka aad ugu hortagi karto Dr mohamud mude   Fadlan Booqo Xarunteena oo ku taala Ka soo horjeedka  masjidka saxaaba Xaafada Hodan. Nagala Soo Xiriir: 0611885151",97,"01/01/2024 09:36",,,01/16/2024,13,12,3,0,73.263,7.326,3,0,0,3,0,0,0,0,25.893,44.454,2.916,8.631,1.458,8.8908,0,,,
272352475539090,,423008958154572,"Bidhaan Health & Beauty","Maxaa keena madowga isha hoosteeda gala Waxaa muuqaalkaan ku sharxi doonaa Qaababka aad ugu hortagi karto Dr mohamud mude   Fadlan Booqo Xarunteena oo ku taala Ka soo horjeedka  masjidka saxaaba Xaafada Hodan. Nagala Soo Xiriir: 0611885151",97,"01/01/2024 09:36",,,01/17/2024,15,15,3,2,188.715,13.479,3,2,0,3,0,0,0,0,3.323,182.52,2.872,1.1076666666667,0.95733333333333,22.815,0,,2,
272352475539090,,423008958154572,"Bidhaan Health & Beauty","Maxaa keena madowga isha hoosteeda gala Waxaa muuqaalkaan ku sharxi doonaa Qaababka aad ugu hortagi karto Dr mohamud mude   Fadlan Booqo Xarunteena oo ku taala Ka soo horjeedka  masjidka saxaaba Xaafada Hodan. Nagala Soo Xiriir: 0611885151",97,"01/01/2024 09:36",,,01/18/2024,19,18,6,1,186.926,11.682,6,1,0,6,0,0,0,0,126.852,60.074,,9.7578461538462,0,20.024666666667,0,1,,
272352475539090,,423008958154572,"Bidhaan Health & Beauty","Maxaa keena madowga isha hoosteeda gala Waxaa muuqaalkaan ku sharxi doonaa Qaababka aad ugu hortagi karto Dr mohamud mude   Fadlan Booqo Xarunteena oo ku taala Ka soo horjeedka  masjidka saxaaba Xaafada Hodan. Nagala Soo Xiriir: 0611885151",97,"01/01/2024 09:36",,,01/19/2024,37,37,11,0,95.192,3.525,11,0,0,11,0,0,0,0,87.144,8.048,,3.48576,0,4.024,0,,,
272352475539090,,423008958154572,"Bidhaan Health & Beauty","Maxaa keena madowga isha hoosteeda gala Waxaa muuqaalkaan ku sharxi doonaa Qaababka aad ugu hortagi karto Dr mohamud mude   Fadlan Booqo Xarunteena oo ku taala Ka soo horjeedka  masjidka saxaaba Xaafada Hodan. Nagala Soo Xiriir: 0611885151",97,"01/01/2024 09:36",,,01/20/2024,18,17,3,1,97.607,6.507,3,1,0,3,0,0,0,0,13.741,83.199,0.667,1.3741,0.667,20.79975,0,,1,
272352475539090,,423008958154572,"Bidhaan Health & Beauty","Maxaa keena madowga isha hoosteeda gala Waxaa muuqaalkaan ku sharxi doonaa Qaababka aad ugu hortagi karto Dr mohamud mude   Fadlan Booqo Xarunteena oo ku taala Ka soo horjeedka  masjidka saxaaba Xaafada Hodan. Nagala Soo Xiriir: 0611885151",97,"01/01/2024 09:36",,,01/21/2024,69,67,16,3,445.425,7.423,16,3,0,16,3,3,0,0,341.41,104.015,,6.4416981132075,0,14.859285714286,0,2,1,
272352475539090,,423008958154572,"Bidhaan Health & Beauty","Maxaa keena madowga isha hoosteeda gala Waxaa muuqaalkaan ku sharxi doonaa Qaababka aad ugu hortagi karto Dr mohamud mude   Fadlan Booqo Xarunteena oo ku taala Ka soo horjeedka  masjidka saxaaba Xaafada Hodan. Nagala Soo Xiriir: 0611885151",97,"01/01/2024 09:36",,,01/22/2024,111,109,32,2,607.895,5.789,30,2,0,32,1,1,0,0,495.118,112.777,,5.1043092783505,0,14.097125,0,2,,
272352475539090,,423008958154572,"Bidhaan Health & Beauty","Maxaa keena madowga isha hoosteeda gala Waxaa muuqaalkaan ku sharxi doonaa Qaababka aad ugu hortagi karto Dr mohamud mude   Fadlan Booqo Xarunteena oo ku taala Ka soo horjeedka  masjidka saxaaba Xaafada Hodan. Nagala Soo Xiriir: 0611885151",97,"01/01/2024 09:36",,,01/23/2024,55,51,17,5,668.378,14.852,17,5,0,17,1,1,0,0,389.185,279.193,,11.446617647059,0,25.381181818182,0,3,2,
272352475539090,,423008958154572,"Bidhaan Health & Beauty","Maxaa keena madowga isha hoosteeda gala Waxaa muuqaalkaan ku sharxi doonaa Qaababka aad ugu hortagi karto Dr mohamud mude   Fadlan Booqo Xarunteena oo ku taala Ka soo horjeedka  masjidka saxaaba Xaafada Hodan. Nagala Soo Xiriir: 0611885151",97,"01/01/2024 09:36",,,01/24/2024,43,42,8,2,249.847,7.138,8,2,0,8,0,0,0,0,123.204,126.643,,4.4001428571429,0,18.091857142857,0,1,1,
272352475539090,,423008958154572,"Bidhaan Health & Beauty","Maxaa keena madowga isha hoosteeda gala Waxaa muuqaalkaan ku sharxi doonaa Qaababka aad ugu hortagi karto Dr mohamud mude   Fadlan Booqo Xarunteena oo ku taala Ka soo horjeedka  masjidka saxaaba Xaafada Hodan. Nagala Soo Xiriir: 0611885151",97,"01/01/2024 09:36",,,01/25/2024,25,25,7,0,141.296,7.436,7,0,0,7,1,1,0,0,92.95,48.346,,7.15,0,8.0576666666667,0,,,
272352475539090,,423008958154572,"Bidhaan Health & Beauty","Maxaa keena madowga isha hoosteeda gala Waxaa muuqaalkaan ku sharxi doonaa Qaababka aad ugu hortagi karto Dr mohamud mude   Fadlan Booqo Xarunteena oo ku taala Ka soo horjeedka  masjidka saxaaba Xaafada Hodan. Nagala Soo Xiriir: 0611885151",97,"01/01/2024 09:36",,,01/26/2024,8,8,3,0,41.544,5.193,3,0,0,3,0,0,0,0,17.33,24.214,,2.8883333333333,0,12.107,0,,,
272352475539090,,423008958154572,"Bidhaan Health & Beauty","Maxaa keena madowga isha hoosteeda gala Waxaa muuqaalkaan ku sharxi doonaa Qaababka aad ugu hortagi karto Dr mohamud mude   Fadlan Booqo Xarunteena oo ku taala Ka soo horjeedka  masjidka saxaaba Xaafada Hodan. Nagala Soo Xiriir: 0611885151",97,"01/01/2024 09:36",,,01/27/2024,11,11,4,1,111.733,11.173,4,1,0,4,0,0,0,0,23.408,88.325,,2.926,0,44.1625,0,,1,
272352475539090,,423008958154572,"Bidhaan Health & Beauty","Maxaa keena madowga isha hoosteeda gala Waxaa muuqaalkaan ku sharxi doonaa Qaababka aad ugu hortagi karto Dr mohamud mude   Fadlan Booqo Xarunteena oo ku taala Ka soo horjeedka  masjidka saxaaba Xaafada Hodan. Nagala Soo Xiriir: 0611885151",97,"01/01/2024 09:36",,,01/28/2024,14,13,7,1,142.282,10.163,7,1,0,7,0,0,0,0,124.6,17.682,,12.46,0,4.4205,0,1,,
272352475539090,,423008958154572,"Bidhaan Health & Beauty","Maxaa keena madowga isha hoosteeda gala Waxaa muuqaalkaan ku sharxi doonaa Qaababka aad ugu hortagi karto Dr mohamud mude   Fadlan Booqo Xarunteena oo ku taala Ka soo horjeedka  masjidka saxaaba Xaafada Hodan. Nagala Soo Xiriir: 0611885151",97,"01/01/2024 09:36",,,01/29/2024,18,18,5,2,207.426,14.816,5,2,0,5,0,0,0,0,134.716,72.053,0.657,12.246909090909,0.657,36.0265,0,1,1,
272352475539090,,423008958154572,"Bidhaan Health & Beauty","Maxaa keena madowga isha hoosteeda gala Waxaa muuqaalkaan ku sharxi doonaa Qaababka aad ugu hortagi karto Dr mohamud mude   Fadlan Booqo Xarunteena oo ku taala Ka soo horjeedka  masjidka saxaaba Xaafada Hodan. Nagala Soo Xiriir: 0611885151",97,"01/01/2024 09:36",,,01/30/2024,20,20,2,0,36.759,2.042,2,0,0,2,0,0,0,0,19.802,16.957,,1.3201333333333,0,5.6523333333333,0,,,
272352475539090,,423008958154572,"Bidhaan Health & Beauty","Maxaa keena madowga isha hoosteeda gala Waxaa muuqaalkaan ku sharxi doonaa Qaababka aad ugu hortagi karto Dr mohamud mude   Fadlan Booqo Xarunteena oo ku taala Ka soo horjeedka  masjidka saxaaba Xaafada Hodan. Nagala Soo Xiriir: 0611885151",97,"01/01/2024 09:36",,,01/31/2024,18,18,9,1,227.983,15.198,9,1,0,9,0,0,0,0,128.578,98.608,0.797,16.07225,0.797,16.434666666667,0,1,,
272352475539090,,423008958154572,"Bidhaan Health & Beauty","Maxaa keena madowga isha hoosteeda gala Waxaa muuqaalkaan ku sharxi doonaa Qaababka aad ugu hortagi karto Dr mohamud mude   Fadlan Booqo Xarunteena oo ku taala Ka soo horjeedka  masjidka saxaaba Xaafada Hodan. Nagala Soo Xiriir: 0611885151",97,"01/01/2024 09:36",,,02/01/2024,9,8,5,1,135.77,12.342,5,1,0,5,1,1,0,0,28.506,106.003,1.261,4.751,1.261,26.50075,0,,1,
272352475539090,,423008958154572,"Bidhaan Health & Beauty","Maxaa keena madowga isha hoosteeda gala Waxaa muuqaalkaan ku sharxi doonaa Qaababka aad ugu hortagi karto Dr mohamud mude   Fadlan Booqo Xarunteena oo ku taala Ka soo horjeedka  masjidka saxaaba Xaafada Hodan. Nagala Soo Xiriir: 0611885151",97,"01/01/2024 09:36",,,02/02/2024,10,9,6,1,224.971,22.497,6,1,0,6,0,0,0,0,224.971,,,22.4971,0,0,0,1,,
272352475539090,,423008958154572,"Bidhaan Health & Beauty","Maxaa keena madowga isha hoosteeda gala Waxaa muuqaalkaan ku sharxi doonaa Qaababka aad ugu hortagi karto Dr mohamud mude   Fadlan Booqo Xarunteena oo ku taala Ka soo horjeedka  masjidka saxaaba Xaafada Hodan. Nagala Soo Xiriir: 0611885151",97,"01/01/2024 09:36",,,02/03/2024,20,20,3,0,53.194,3.799,3,0,0,3,0,0,0,0,51.806,,1.388,3.9850769230769,1.388,0,0,,,
272352475539090,,423008958154572,"Bidhaan Health & Beauty","Maxaa keena madowga isha hoosteeda gala Waxaa muuqaalkaan ku sharxi doonaa Qaababka aad ugu hortagi karto Dr mohamud mude   Fadlan Booqo Xarunteena oo ku taala Ka soo horjeedka  masjidka saxaaba Xaafada Hodan. Nagala Soo Xiriir: 0611885151",97,"01/01/2024 09:36",,,02/04/2024,8,8,2,0,32.779,4.682,2,0,0,2,0,0,0,0,9.667,23.112,,3.2223333333333,0,5.778,0,,,
272352475539090,,423008958154572,"Bidhaan Health & Beauty","Maxaa keena madowga isha hoosteeda gala Waxaa muuqaalkaan ku sharxi doonaa Qaababka aad ugu hortagi karto Dr mohamud mude   Fadlan Booqo Xarunteena oo ku taala Ka soo horjeedka  masjidka saxaaba Xaafada Hodan. Nagala Soo Xiriir: 0611885151",97,"01/01/2024 09:36",,,02/05/2024,8,8,2,0,56.482,11.296,2,0,0,2,0,0,0,0,56.482,,,11.2964,0,0,0,,,
272352475539090,,423008958154572,"Bidhaan Health & Beauty","Maxaa keena madowga isha hoosteeda gala Waxaa muuqaalkaan ku sharxi doonaa Qaababka aad ugu hortagi karto Dr mohamud mude   Fadlan Booqo Xarunteena oo ku taala Ka soo horjeedka  masjidka saxaaba Xaafada Hodan. Nagala Soo Xiriir: 0611885151",97,"01/01/2024 09:36",,,02/06/2024,19,18,2,0,38.006,2.923,2,0,0,2,0,0,0,0,13.771,0.118,24.117,1.3771,12.0585,0.118,0,,,
272352475539090,,423008958154572,"Bidhaan Health & Beauty","Maxaa keena madowga isha hoosteeda gala Waxaa muuqaalkaan ku sharxi doonaa Qaababka aad ugu hortagi karto Dr mohamud mude   Fadlan Booqo Xarunteena oo ku taala Ka soo horjeedka  masjidka saxaaba Xaafada Hodan. Nagala Soo Xiriir: 0611885151",97,"01/01/2024 09:36",,,02/07/2024,24,22,8,1,340.679,16.222,7,1,0,8,0,0,0,0,219.532,121.147,,12.913647058824,0,30.28675,0,1,,
272352475539090,,423008958154572,"Bidhaan Health & Beauty","Maxaa keena madowga isha hoosteeda gala Waxaa muuqaalkaan ku sharxi doonaa Qaababka aad ugu hortagi karto Dr mohamud mude   Fadlan Booqo Xarunteena oo ku taala Ka soo horjeedka  masjidka saxaaba Xaafada Hodan. Nagala Soo Xiriir: 0611885151",97,"01/01/2024 09:36",,,02/08/2024,5,5,2,0,32.312,6.462,2,0,0,2,0,0,0,0,31.413,,0.899,7.85325,0.899,0,0,,,
272352475539090,,423008958154572,"Bidhaan Health & Beauty","Maxaa keena madowga isha hoosteeda gala Waxaa muuqaalkaan ku sharxi doonaa Qaababka aad ugu hortagi karto Dr mohamud mude   Fadlan Booqo Xarunteena oo ku taala Ka soo horjeedka  masjidka saxaaba Xaafada Hodan. Nagala Soo Xiriir: 0611885151",97,"01/01/2024 09:36",,,02/09/2024,2,2,0,0,1.791,0.895,0,0,0,0,0,0,0,0,1.297,0.494,,1.297,0,0.494,0,,,
272352475539090,,423008958154572,"Bidhaan Health & Beauty","Maxaa keena madowga isha hoosteeda gala Waxaa muuqaalkaan ku sharxi doonaa Qaababka aad ugu hortagi karto Dr mohamud mude   Fadlan Booqo Xarunteena oo ku taala Ka soo horjeedka  masjidka saxaaba Xaafada Hodan. Nagala Soo Xiriir: 0611885151",97,"01/01/2024 09:36",,,02/10/2024,13,12,3,0,70.291,6.39,3,0,0,3,0,0,0,0,38.369,31.101,0.821,6.3948333333333,0.821,7.77525,0,,,
272352475539090,,423008958154572,"Bidhaan Health & Beauty","Maxaa keena madowga isha hoosteeda gala Waxaa muuqaalkaan ku sharxi doonaa Qaababka aad ugu hortagi karto Dr mohamud mude   Fadlan Booqo Xarunteena oo ku taala Ka soo horjeedka  masjidka saxaaba Xaafada Hodan. Nagala Soo Xiriir: 0611885151",97,"01/01/2024 09:36",,,02/11/2024,7,7,6,1,182.857,20.317,6,1,0,6,0,0,0,0,110.557,72.3,,27.63925,0,14.46,0,1,,
272352475539090,,423008958154572,"Bidhaan Health & Beauty","Maxaa keena madowga isha hoosteeda gala Waxaa muuqaalkaan ku sharxi doonaa Qaababka aad ugu hortagi karto Dr mohamud mude   Fadlan Booqo Xarunteena oo ku taala Ka soo horjeedka  masjidka saxaaba Xaafada Hodan. Nagala Soo Xiriir: 0611885151",97,"01/01/2024 09:36",,,02/12/2024,17,17,4,2,195.302,13.02,4,2,0,4,0,0,0,0,112.9,82.402,,11.29,0,16.4804,0,1,1,
272352475539090,,423008958154572,"Bidhaan Health & Beauty","Maxaa keena madowga isha hoosteeda gala Waxaa muuqaalkaan ku sharxi doonaa Qaababka aad ugu hortagi karto Dr mohamud mude   Fadlan Booqo Xarunteena oo ku taala Ka soo horjeedka  masjidka saxaaba Xaafada Hodan. Nagala Soo Xiriir: 0611885151",97,"01/01/2024 09:36",,,02/13/2024,15,14,3,0,40.405,4.489,3,0,0,3,0,0,0,0,40.405,,,4.4894444444444,0,0,0,,,
272352475539090,,423008958154572,"Bidhaan Health & Beauty","Maxaa keena madowga isha hoosteeda gala Waxaa muuqaalkaan ku sharxi doonaa Qaababka aad ugu hortagi karto Dr mohamud mude   Fadlan Booqo Xarunteena oo ku taala Ka soo horjeedka  masjidka saxaaba Xaafada Hodan. Nagala Soo Xiriir: 0611885151",97,"01/01/2024 09:36",,,02/14/2024,8,8,2,0,89.318,14.886,2,0,0,2,0,0,0,0,32.77,56.548,,8.1925,0,28.274,0,,,
272352475539090,,423008958154572,"Bidhaan Health & Beauty","Maxaa keena madowga isha hoosteeda gala Waxaa muuqaalkaan ku sharxi doonaa Qaababka aad ugu hortagi karto Dr mohamud mude   Fadlan Booqo Xarunteena oo ku taala Ka soo horjeedka  masjidka saxaaba Xaafada Hodan. Nagala Soo Xiriir: 0611885151",97,"01/01/2024 09:36",,,02/15/2024,13,12,3,1,151.303,12.608,3,1,0,3,0,0,0,0,52.515,98.788,,6.564375,0,24.697,0,,1,
272352475539090,,423008958154572,"Bidhaan Health & Beauty","Maxaa keena madowga isha hoosteeda gala Waxaa muuqaalkaan ku sharxi doonaa Qaababka aad ugu hortagi karto Dr mohamud mude   Fadlan Booqo Xarunteena oo ku taala Ka soo horjeedka  masjidka saxaaba Xaafada Hodan. Nagala Soo Xiriir: 0611885151",97,"01/01/2024 09:36",,,02/16/2024,21,20,7,1,161.736,8.512,6,1,0,7,0,0,0,0,161.564,0.172,,8.9757777777778,0,0.172,0,1,,
272352475539090,,423008958154572,"Bidhaan Health & Beauty","Maxaa keena madowga isha hoosteeda gala Waxaa muuqaalkaan ku sharxi doonaa Qaababka aad ugu hortagi karto Dr mohamud mude   Fadlan Booqo Xarunteena oo ku taala Ka soo horjeedka  masjidka saxaaba Xaafada Hodan. Nagala Soo Xiriir: 0611885151",97,"01/01/2024 09:36",,,02/17/2024,8,8,0,0,5.534,1.106,0,0,0,0,0,0,0,0,4.075,1.459,,1.01875,0,1.459,0,,,
272352475539090,,423008958154572,"Bidhaan Health & Beauty","Maxaa keena madowga isha hoosteeda gala Waxaa muuqaalkaan ku sharxi doonaa Qaababka aad ugu hortagi karto Dr mohamud mude   Fadlan Booqo Xarunteena oo ku taala Ka soo horjeedka  masjidka saxaaba Xaafada Hodan. Nagala Soo Xiriir: 0611885151",97,"01/01/2024 09:36",,,02/18/2024,7,7,4,0,119.298,17.042,4,0,0,4,0,0,0,0,45.37,50.391,23.537,15.123333333333,23.537,16.797,0,,,
272352475539090,,423008958154572,"Bidhaan Health & Beauty","Maxaa keena madowga isha hoosteeda gala Waxaa muuqaalkaan ku sharxi doonaa Qaababka aad ugu hortagi karto Dr mohamud mude   Fadlan Booqo Xarunteena oo ku taala Ka soo horjeedka  masjidka saxaaba Xaafada Hodan. Nagala Soo Xiriir: 0611885151",97,"01/01/2024 09:36",,,02/19/2024,4,4,3,1,165.769,41.442,3,1,0,3,0,0,0,0,99.135,66.634,,49.5675,0,33.317,0,1,,
272352475539090,,423008958154572,"Bidhaan Health & Beauty","Maxaa keena madowga isha hoosteeda gala Waxaa muuqaalkaan ku sharxi doonaa Qaababka aad ugu hortagi karto Dr mohamud mude   Fadlan Booqo Xarunteena oo ku taala Ka soo horjeedka  masjidka saxaaba Xaafada Hodan. Nagala Soo Xiriir: 0611885151",97,"01/01/2024 09:36",,,02/20/2024,3,3,3,0,61.281,15.32,3,0,0,3,0,0,0,0,61.281,,,15.32025,0,0,0,,,
272352475539090,,423008958154572,"Bidhaan Health & Beauty","Maxaa keena madowga isha hoosteeda gala Waxaa muuqaalkaan ku sharxi doonaa Qaababka aad ugu hortagi karto Dr mohamud mude   Fadlan Booqo Xarunteena oo ku taala Ka soo horjeedka  masjidka saxaaba Xaafada Hodan. Nagala Soo Xiriir: 0611885151",97,"01/01/2024 09:36",,,02/21/2024,4,4,1,1,102.803,20.56,1,1,0,1,0,0,0,0,100.422,2.381,,25.1055,0,2.381,0,1,,
272352475539090,,423008958154572,"Bidhaan Health & Beauty","Maxaa keena madowga isha hoosteeda gala Waxaa muuqaalkaan ku sharxi doonaa Qaababka aad ugu hortagi karto Dr mohamud mude   Fadlan Booqo Xarunteena oo ku taala Ka soo horjeedka  masjidka saxaaba Xaafada Hodan. Nagala Soo Xiriir: 0611885151",97,"01/01/2024 09:36",,,02/22/2024,4,3,1,0,10.011,5.005,1,0,0,1,0,0,0,0,10.011,,,5.0055,0,0,0,,,
272352475539090,,423008958154572,"Bidhaan Health & Beauty","Maxaa keena madowga isha hoosteeda gala Waxaa muuqaalkaan ku sharxi doonaa Qaababka aad ugu hortagi karto Dr mohamud mude   Fadlan Booqo Xarunteena oo ku taala Ka soo horjeedka  masjidka saxaaba Xaafada Hodan. Nagala Soo Xiriir: 0611885151",97,"01/01/2024 09:36",,,02/23/2024,5,5,3,0,88.485,17.697,3,0,0,3,0,0,0,0,9.823,32.76,45.902,9.823,22.951,16.38,0,,,
272352475539090,,423008958154572,"Bidhaan Health & Beauty","Maxaa keena madowga isha hoosteeda gala Waxaa muuqaalkaan ku sharxi doonaa Qaababka aad ugu hortagi karto Dr mohamud mude   Fadlan Booqo Xarunteena oo ku taala Ka soo horjeedka  masjidka saxaaba Xaafada Hodan. Nagala Soo Xiriir: 0611885151",97,"01/01/2024 09:36",,,02/24/2024,10,10,4,1,130.185,14.465,4,1,0,4,0,0,0,0,99.7,30.485,,49.85,0,4.355,0,1,,
272352475539090,,423008958154572,"Bidhaan Health & Beauty","Maxaa keena madowga isha hoosteeda gala Waxaa muuqaalkaan ku sharxi doonaa Qaababka aad ugu hortagi karto Dr mohamud mude   Fadlan Booqo Xarunteena oo ku taala Ka soo horjeedka  masjidka saxaaba Xaafada Hodan. Nagala Soo Xiriir: 0611885151",97,"01/01/2024 09:36",,,02/25/2024,4,3,1,0,5.649,1.883,1,0,0,1,0,0,0,0,5.061,0.588,,2.5305,0,0.588,0,,,
272352475539090,,423008958154572,"Bidhaan Health & Beauty","Maxaa keena madowga isha hoosteeda gala Waxaa muuqaalkaan ku sharxi doonaa Qaababka aad ugu hortagi karto Dr mohamud mude   Fadlan Booqo Xarunteena oo ku taala Ka soo horjeedka  masjidka saxaaba Xaafada Hodan. Nagala Soo Xiriir: 0611885151",97,"01/01/2024 09:36",,,02/26/2024,0,0,0,0,0,0,0,0,0,0,0,0,0,0,,,,0,0,0,0,,,
272352475539090,,423008958154572,"Bidhaan Health & Beauty","Maxaa keena madowga isha hoosteeda gala Waxaa muuqaalkaan ku sharxi doonaa Qaababka aad ugu hortagi karto Dr mohamud mude   Fadlan Booqo Xarunteena oo ku taala Ka soo horjeedka  masjidka saxaaba Xaafada Hodan. Nagala Soo Xiriir: 0611885151",97,"01/01/2024 09:36",,,02/27/2024,11,9,3,2,201.392,33.565,3,2,0,3,0,0,0,0,199.416,1.976,,39.8832,0,1.976,0,2,,
272352475539090,,423008958154572,"Bidhaan Health & Beauty","Maxaa keena madowga isha hoosteeda gala Waxaa muuqaalkaan ku sharxi doonaa Qaababka aad ugu hortagi karto Dr mohamud mude   Fadlan Booqo Xarunteena oo ku taala Ka soo horjeedka  masjidka saxaaba Xaafada Hodan. Nagala Soo Xiriir: 0611885151",97,"01/01/2024 09:36",,,02/28/2024,6,6,2,1,190.726,47.681,2,1,0,2,0,0,0,0,1.849,188.877,,1.849,0,62.959,0,,1,
272352475539090,,423008958154572,"Bidhaan Health & Beauty","Maxaa keena madowga isha hoosteeda gala Waxaa muuqaalkaan ku sharxi doonaa Qaababka aad ugu hortagi karto Dr mohamud mude   Fadlan Booqo Xarunteena oo ku taala Ka soo horjeedka  masjidka saxaaba Xaafada Hodan. Nagala Soo Xiriir: 0611885151",97,"01/01/2024 09:36",,,02/29/2024,4,3,1,0,10.322,10.322,1,0,0,1,0,0,0,0,,10.322,,0,0,10.322,0,,,
272352475539090,,423008958154572,"Bidhaan Health & Beauty","Maxaa keena madowga isha hoosteeda gala Waxaa muuqaalkaan ku sharxi doonaa Qaababka aad ugu hortagi karto Dr mohamud mude   Fadlan Booqo Xarunteena oo ku taala Ka soo horjeedka  masjidka saxaaba Xaafada Hodan. Nagala Soo Xiriir: 0611885151",97,"01/01/2024 09:36",,,03/01/2024,7,7,4,4,513.975,85.662,3,3,0,4,0,0,0,0,195.337,318.638,,48.83425,0,159.319,0,2,2,
272352475539090,,423008958154572,"Bidhaan Health & Beauty","Maxaa keena madowga isha hoosteeda gala Waxaa muuqaalkaan ku sharxi doonaa Qaababka aad ugu hortagi karto Dr mohamud mude   Fadlan Booqo Xarunteena oo ku taala Ka soo horjeedka  masjidka saxaaba Xaafada Hodan. Nagala Soo Xiriir: 0611885151",97,"01/01/2024 09:36",,,03/02/2024,9,9,2,0,15.529,2.588,2,0,0,2,0,0,0,0,4.52,11.009,,2.26,0,2.75225,0,,,
272352475539090,,423008958154572,"Bidhaan Health & Beauty","Maxaa keena madowga isha hoosteeda gala Waxaa muuqaalkaan ku sharxi doonaa Qaababka aad ugu hortagi karto Dr mohamud mude   Fadlan Booqo Xarunteena oo ku taala Ka soo horjeedka  masjidka saxaaba Xaafada Hodan. Nagala Soo Xiriir: 0611885151",97,"01/01/2024 09:36",,,03/03/2024,6,5,1,0,13.407,3.351,1,0,0,1,0,0,0,0,10.345,0.887,2.175,5.1725,2.175,0.887,0,,,
272352475539090,,423008958154572,"Bidhaan Health & Beauty","Maxaa keena madowga isha hoosteeda gala Waxaa muuqaalkaan ku sharxi doonaa Qaababka aad ugu hortagi karto Dr mohamud mude   Fadlan Booqo Xarunteena oo ku taala Ka soo horjeedka  masjidka saxaaba Xaafada Hodan. Nagala Soo Xiriir: 0611885151",97,"01/01/2024 09:36",,,03/04/2024,4,4,3,0,55.187,18.395,3,0,0,3,1,0,0,1,4.253,50.934,,4.253,0,25.467,0,,,
272352475539090,,423008958154572,"Bidhaan Health & Beauty","Maxaa keena madowga isha hoosteeda gala Waxaa muuqaalkaan ku sharxi doonaa Qaababka aad ugu hortagi karto Dr mohamud mude   Fadlan Booqo Xarunteena oo ku taala Ka soo horjeedka  masjidka saxaaba Xaafada Hodan. Nagala Soo Xiriir: 0611885151",97,"01/01/2024 09:36",,,03/05/2024,2,2,1,0,12.309,12.309,1,0,0,1,0,0,0,0,,12.309,,0,0,12.309,0,,,
272352475539090,,423008958154572,"Bidhaan Health & Beauty","Maxaa keena madowga isha hoosteeda gala Waxaa muuqaalkaan ku sharxi doonaa Qaababka aad ugu hortagi karto Dr mohamud mude   Fadlan Booqo Xarunteena oo ku taala Ka soo horjeedka  masjidka saxaaba Xaafada Hodan. Nagala Soo Xiriir: 0611885151",97,"01/01/2024 09:36",,,03/06/2024,1,1,1,0,25.724,12.862,1,0,0,1,0,0,0,0,,25.724,,0,0,12.862,0,,,
272352475539090,,423008958154572,"Bidhaan Health & Beauty","Maxaa keena madowga isha hoosteeda gala Waxaa muuqaalkaan ku sharxi doonaa Qaababka aad ugu hortagi karto Dr mohamud mude   Fadlan Booqo Xarunteena oo ku taala Ka soo horjeedka  masjidka saxaaba Xaafada Hodan. Nagala Soo Xiriir: 0611885151",97,"01/01/2024 09:36",,,03/07/2024,4,4,1,0,17.158,8.579,1,0,0,1,0,0,0,0,17.158,,,8.579,0,0,0,,,
272352475539090,,423008958154572,"Bidhaan Health & Beauty","Maxaa keena madowga isha hoosteeda gala Waxaa muuqaalkaan ku sharxi doonaa Qaababka aad ugu hortagi karto Dr mohamud mude   Fadlan Booqo Xarunteena oo ku taala Ka soo horjeedka  masjidka saxaaba Xaafada Hodan. Nagala Soo Xiriir: 0611885151",97,"01/01/2024 09:36",,,03/08/2024,5,5,3,1,151.349,25.224,3,1,0,3,0,0,0,0,2.68,147.408,1.261,2.68,1.261,36.852,0,,1,
272352475539090,,423008958154572,"Bidhaan Health & Beauty","Maxaa keena madowga isha hoosteeda gala Waxaa muuqaalkaan ku sharxi doonaa Qaababka aad ugu hortagi karto Dr mohamud mude   Fadlan Booqo Xarunteena oo ku taala Ka soo horjeedka  masjidka saxaaba Xaafada Hodan. Nagala Soo Xiriir: 0611885151",97,"01/01/2024 09:36",,,03/09/2024,7,7,1,1,98.177,14.025,1,1,0,1,0,0,0,0,91.137,7.04,,91.137,0,1.1733333333333,0,1,,
272352475539090,,423008958154572,"Bidhaan Health & Beauty","Maxaa keena madowga isha hoosteeda gala Waxaa muuqaalkaan ku sharxi doonaa Qaababka aad ugu hortagi karto Dr mohamud mude   Fadlan Booqo Xarunteena oo ku taala Ka soo horjeedka  masjidka saxaaba Xaafada Hodan. Nagala Soo Xiriir: 0611885151",97,"01/01/2024 09:36",,,03/10/2024,3,3,1,0,18.758,9.379,1,0,0,1,0,0,0,0,18.758,,,9.379,0,0,0,,,
272352475539090,,423008958154572,"Bidhaan Health & Beauty","Maxaa keena madowga isha hoosteeda gala Waxaa muuqaalkaan ku sharxi doonaa Qaababka aad ugu hortagi karto Dr mohamud mude   Fadlan Booqo Xarunteena oo ku taala Ka soo horjeedka  masjidka saxaaba Xaafada Hodan. Nagala Soo Xiriir: 0611885151",97,"01/01/2024 09:36",,,03/11/2024,3,3,1,0,28.356,14.178,1,0,0,1,0,0,0,0,28.356,,,14.178,0,0,0,,,
272352475539090,,423008958154572,"Bidhaan Health & Beauty","Maxaa keena madowga isha hoosteeda gala Waxaa muuqaalkaan ku sharxi doonaa Qaababka aad ugu hortagi karto Dr mohamud mude   Fadlan Booqo Xarunteena oo ku taala Ka soo horjeedka  masjidka saxaaba Xaafada Hodan. Nagala Soo Xiriir: 0611885151",97,"01/01/2024 09:36",,,03/12/2024,8,7,4,0,48.133,8.022,3,0,0,4,0,0,0,0,18.485,29.648,,9.2425,0,7.412,0,,,
272352475539090,,423008958154572,"Bidhaan Health & Beauty","Maxaa keena madowga isha hoosteeda gala Waxaa muuqaalkaan ku sharxi doonaa Qaababka aad ugu hortagi karto Dr mohamud mude   Fadlan Booqo Xarunteena oo ku taala Ka soo horjeedka  masjidka saxaaba Xaafada Hodan. Nagala Soo Xiriir: 0611885151",97,"01/01/2024 09:36",,,03/13/2024,5,5,3,0,26.785,5.357,3,0,0,3,0,0,0,0,26.785,,,5.357,0,0,0,,,
272352475539090,,423008958154572,"Bidhaan Health & Beauty","Maxaa keena madowga isha hoosteeda gala Waxaa muuqaalkaan ku sharxi doonaa Qaababka aad ugu hortagi karto Dr mohamud mude   Fadlan Booqo Xarunteena oo ku taala Ka soo horjeedka  masjidka saxaaba Xaafada Hodan. Nagala Soo Xiriir: 0611885151",97,"01/01/2024 09:36",,,03/14/2024,4,4,2,0,16.908,8.454,2,0,0,2,0,0,0,0,9.33,7.578,,9.33,0,7.578,0,,,
272352475539090,,423008958154572,"Bidhaan Health & Beauty","Maxaa keena madowga isha hoosteeda gala Waxaa muuqaalkaan ku sharxi doonaa Qaababka aad ugu hortagi karto Dr mohamud mude   Fadlan Booqo Xarunteena oo ku taala Ka soo horjeedka  masjidka saxaaba Xaafada Hodan. Nagala Soo Xiriir: 0611885151",97,"01/01/2024 09:36",,,03/15/2024,4,4,0,0,1.698,0.849,0,0,0,0,0,0,0,0,0.365,1.333,,0.365,0,1.333,0,,,
272352475539090,,423008958154572,"Bidhaan Health & Beauty","Maxaa keena madowga isha hoosteeda gala Waxaa muuqaalkaan ku sharxi doonaa Qaababka aad ugu hortagi karto Dr mohamud mude   Fadlan Booqo Xarunteena oo ku taala Ka soo horjeedka  masjidka saxaaba Xaafada Hodan. Nagala Soo Xiriir: 0611885151",97,"01/01/2024 09:36",,,03/16/2024,6,6,1,0,7.363,1.84,1,0,0,1,0,0,0,0,,6.729,0.634,0,0.634,2.243,0,,,
272352475539090,,423008958154572,"Bidhaan Health & Beauty","Maxaa keena madowga isha hoosteeda gala Waxaa muuqaalkaan ku sharxi doonaa Qaababka aad ugu hortagi karto Dr mohamud mude   Fadlan Booqo Xarunteena oo ku taala Ka soo horjeedka  masjidka saxaaba Xaafada Hodan. Nagala Soo Xiriir: 0611885151",97,"01/01/2024 09:36",,,03/17/2024,2,2,0,0,2.114,1.057,0,0,0,0,0,0,0,0,2.114,,,1.057,0,0,0,,,
272352475539090,,423008958154572,"Bidhaan Health & Beauty","Maxaa keena madowga isha hoosteeda gala Waxaa muuqaalkaan ku sharxi doonaa Qaababka aad ugu hortagi karto Dr mohamud mude   Fadlan Booqo Xarunteena oo ku taala Ka soo horjeedka  masjidka saxaaba Xaafada Hodan. Nagala Soo Xiriir: 0611885151",97,"01/01/2024 09:36",,,03/18/2024,1,1,0,0,1.713,1.713,0,0,0,0,0,0,0,0,,,1.713,0,1.713,0,0,,,
272352475539090,,423008958154572,"Bidhaan Health & Beauty","Maxaa keena madowga isha hoosteeda gala Waxaa muuqaalkaan ku sharxi doonaa Qaababka aad ugu hortagi karto Dr mohamud mude   Fadlan Booqo Xarunteena oo ku taala Ka soo horjeedka  masjidka saxaaba Xaafada Hodan. Nagala Soo Xiriir: 0611885151",97,"01/01/2024 09:36",,,03/19/2024,4,4,2,0,12.576,4.192,2,0,0,2,0,0,0,0,6.686,5.89,,6.686,0,2.945,0,,,
272352475539090,,423008958154572,"Bidhaan Health & Beauty","Maxaa keena madowga isha hoosteeda gala Waxaa muuqaalkaan ku sharxi doonaa Qaababka aad ugu hortagi karto Dr mohamud mude   Fadlan Booqo Xarunteena oo ku taala Ka soo horjeedka  masjidka saxaaba Xaafada Hodan. Nagala Soo Xiriir: 0611885151",97,"01/01/2024 09:36",,,03/20/2024,3,3,1,0,24.087,12.043,1,0,0,1,0,0,0,0,,24.087,,0,0,12.0435,0,,,
272352475539090,,423008958154572,"Bidhaan Health & Beauty","Maxaa keena madowga isha hoosteeda gala Waxaa muuqaalkaan ku sharxi doonaa Qaababka aad ugu hortagi karto Dr mohamud mude   Fadlan Booqo Xarunteena oo ku taala Ka soo horjeedka  masjidka saxaaba Xaafada Hodan. Nagala Soo Xiriir: 0611885151",97,"01/01/2024 09:36",,,03/21/2024,3,3,1,0,7.626,3.813,1,0,0,1,0,0,0,0,,7.626,,0,0,3.813,0,,,
272352475539090,,423008958154572,"Bidhaan Health & Beauty","Maxaa keena madowga isha hoosteeda gala Waxaa muuqaalkaan ku sharxi doonaa Qaababka aad ugu hortagi karto Dr mohamud mude   Fadlan Booqo Xarunteena oo ku taala Ka soo horjeedka  masjidka saxaaba Xaafada Hodan. Nagala Soo Xiriir: 0611885151",97,"01/01/2024 09:36",,,03/22/2024,4,3,2,1,108.912,27.228,2,1,0,2,0,0,0,0,96.873,12.039,,96.873,0,6.0195,0,1,,
272352475539090,,423008958154572,"Bidhaan Health & Beauty","Maxaa keena madowga isha hoosteeda gala Waxaa muuqaalkaan ku sharxi doonaa Qaababka aad ugu hortagi karto Dr mohamud mude   Fadlan Booqo Xarunteena oo ku taala Ka soo horjeedka  masjidka saxaaba Xaafada Hodan. Nagala Soo Xiriir: 0611885151",97,"01/01/2024 09:36",,,03/23/2024,5,4,5,0,81.801,16.36,4,0,0,5,0,0,0,0,45.152,36.649,,15.050666666667,0,18.3245,0,,,
272352475539090,,423008958154572,"Bidhaan Health & Beauty","Maxaa keena madowga isha hoosteeda gala Waxaa muuqaalkaan ku sharxi doonaa Qaababka aad ugu hortagi karto Dr mohamud mude   Fadlan Booqo Xarunteena oo ku taala Ka soo horjeedka  masjidka saxaaba Xaafada Hodan. Nagala Soo Xiriir: 0611885151",97,"01/01/2024 09:36",,,03/24/2024,1,1,0,0,0,0,0,0,0,0,0,0,0,0,,,,0,0,0,0,,,
272352475539090,,423008958154572,"Bidhaan Health & Beauty","Maxaa keena madowga isha hoosteeda gala Waxaa muuqaalkaan ku sharxi doonaa Qaababka aad ugu hortagi karto Dr mohamud mude   Fadlan Booqo Xarunteena oo ku taala Ka soo horjeedka  masjidka saxaaba Xaafada Hodan. Nagala Soo Xiriir: 0611885151",97,"01/01/2024 09:36",,,03/25/2024,4,3,1,0,8.627,2.875,1,0,0,1,0,0,0,0,1.392,7.235,,1.392,0,3.6175,0,,,
272352475539090,,423008958154572,"Bidhaan Health & Beauty","Maxaa keena madowga isha hoosteeda gala Waxaa muuqaalkaan ku sharxi doonaa Qaababka aad ugu hortagi karto Dr mohamud mude   Fadlan Booqo Xarunteena oo ku taala Ka soo horjeedka  masjidka saxaaba Xaafada Hodan. Nagala Soo Xiriir: 0611885151",97,"01/01/2024 09:36",,,03/26/2024,0,0,0,0,0.714,0.714,0,0,0,0,0,0,0,0,,0.714,,0,0,0.714,0,,,
272352475539090,,423008958154572,"Bidhaan Health & Beauty","Maxaa keena madowga isha hoosteeda gala Waxaa muuqaalkaan ku sharxi doonaa Qaababka aad ugu hortagi karto Dr mohamud mude   Fadlan Booqo Xarunteena oo ku taala Ka soo horjeedka  masjidka saxaaba Xaafada Hodan. Nagala Soo Xiriir: 0611885151",97,"01/01/2024 09:36",,,03/27/2024,2,2,1,1,97.939,48.969,1,1,0,1,0,0,0,0,,97.939,,0,0,48.9695,0,,1,
272352475539090,,423008958154572,"Bidhaan Health & Beauty","Maxaa keena madowga isha hoosteeda gala Waxaa muuqaalkaan ku sharxi doonaa Qaababka aad ugu hortagi karto Dr mohamud mude   Fadlan Booqo Xarunteena oo ku taala Ka soo horjeedka  masjidka saxaaba Xaafada Hodan. Nagala Soo Xiriir: 0611885151",97,"01/01/2024 09:36",,,03/28/2024,5,5,2,1,106.231,21.246,2,1,0,2,0,0,0,0,103.926,0.493,1.812,34.642,1.812,0.493,0,1,,
272352475539090,,423008958154572,"Bidhaan Health & Beauty","Maxaa keena madowga isha hoosteeda gala Waxaa muuqaalkaan ku sharxi doonaa Qaababka aad ugu hortagi karto Dr mohamud mude   Fadlan Booqo Xarunteena oo ku taala Ka soo horjeedka  masjidka saxaaba Xaafada Hodan. Nagala Soo Xiriir: 0611885151",97,"01/01/2024 09:36",,,03/29/2024,2,2,0,0,4.015,2.007,0,0,0,0,0,0,0,0,1.204,2.811,,1.204,0,2.811,0,,,
272352475539090,,423008958154572,"Bidhaan Health & Beauty","Maxaa keena madowga isha hoosteeda gala Waxaa muuqaalkaan ku sharxi doonaa Qaababka aad ugu hortagi karto Dr mohamud mude   Fadlan Booqo Xarunteena oo ku taala Ka soo horjeedka  masjidka saxaaba Xaafada Hodan. Nagala Soo Xiriir: 0611885151",97,"01/01/2024 09:36",,,03/30/2024,0,0,0,0,0,0,0,0,0,0,0,0,0,0,,,,0,0,0,0,,,
272352475539090,,423008958154572,"Bidhaan Health & Beauty","Maxaa keena madowga isha hoosteeda gala Waxaa muuqaalkaan ku sharxi doonaa Qaababka aad ugu hortagi karto Dr mohamud mude   Fadlan Booqo Xarunteena oo ku taala Ka soo horjeedka  masjidka saxaaba Xaafada Hodan. Nagala Soo Xiriir: 0611885151",97,"01/01/2024 09:36",,,03/31/2024,3,3,2,0,10.488,5.244,2,0,0,2,0,0,0,0,6.669,,3.819,6.669,3.819,0,0,,,
946923056773762,,423008958154572,"Bidhaan Health & Beauty",,62,"03/16/2024 09:00",,,03/29/2024,4,4,1,0,21.742,5.435,1,0,0,1,0,0,0,0,21.742,,,5.4355,0,0,0,,,
